Index,P. Name,P. Eccentricity,Imputed Eccentricity (EU),P. Habitable Class
0,55 Cnc e,0.03,0.0375,non-habitable
1,61 Vir b,0.12,0.15,non-habitable
2,alf Cen B b,0,0.1510272485,non-habitable
3,BD+20 594 b,0,0.2050430736,non-habitable
4,BD-06 1339 b,0,0.1560806289,non-habitable
5,CoRoT-7 b,0.12,0.15,non-habitable
6,EPIC-206011691 b,0,0.1996626825,non-habitable
7,EPIC-206011691 c,0,0.1683955513,non-habitable
8,EPIC 201295312 b,0.12,0.15,non-habitable
9,EPIC 201445392 c,0,0.1722535688,non-habitable
10,EPIC 201598502 b,0,0.0846861458,non-habitable
11,EPIC 201637175 b,0,0.1546110444,non-habitable
12,EPIC 201713348 b,0,0.1517682143,non-habitable
13,EPIC 203826436 b,0,0.2093319413,non-habitable
14,EPIC 204221263 b,0,0.1557216213,non-habitable
15,EPIC 204221263 c,0,0.2429348019,non-habitable
16,EPIC 210894022 b,0,0.1680498085,non-habitable
17,EPIC 211331236 b,0,0.243644169,non-habitable
18,EPIC 211331236 c,0,0.1850578945,non-habitable
19,EPIC 211822797 b,0.18,0.225,non-habitable
20,EPIC 211913977 b,0.1,0.125,non-habitable
21,EPIC 211924657 b,0,0.1348161305,non-habitable
22,EPIC 211969807 b,0.18,0.225,non-habitable
23,EPIC 211970147 b,0.1,0.125,non-habitable
24,EPIC 212006344 b,0,0.2550936016,non-habitable
25,EPIC 213715787 b,0,0.2201000661,non-habitable
26,EPIC 220194974 b,0,0.1670982985,non-habitable
27,EPIC 220194974 c,0,0.1393711166,non-habitable
28,EPIC 220194974 d,0,0.243977502,non-habitable
29,EPIC 220522664 b,0,0.1515431891,non-habitable
30,EPIC 220598331 b,0,0.1826462346,non-habitable
31,EPIC 220621087 b,0,0.1907640726,non-habitable
32,EPIC 228934525 b,0,0.2183392488,non-habitable
33,EPIC 228934525 c,0,0.1774243671,non-habitable
34,EPIC 246393474 b,0,0.0685817505,non-habitable
35,GJ 15 A b,0,0.1878363513,non-habitable
36,GJ 163 c,0.09,0.1125,psychroplanet
37,GJ 176 b,0,0.1232452748,non-habitable
38,GJ 180 b,0.11,0.1375,mesoplanet
39,GJ 180 c,0.09,0.1125,mesoplanet
40,GJ 273 b,0.1,0.125,mesoplanet
41,GJ 273 c,0.17,0.2125,non-habitable
42,GJ 422 b,0.05,0.0625,mesoplanet
43,GJ 433 b,0.05,0.0625,non-habitable
44,GJ 536 b,0.08,0.1,non-habitable
45,GJ 581 c,0.07,0.0875,non-habitable
46,GJ 581 e,0.32,0.4,non-habitable
47,GJ 625 b,0.13,0.1625,non-habitable
48,GJ 649 c,0.2,0.25,non-habitable
49,GJ 667 C b,0.13,0.1625,non-habitable
50,GJ 667 C c,0.02,0.025,mesoplanet
51,GJ 667 C d,0.03,0.0375,non-habitable
52,GJ 667 C e,0.02,0.025,psychroplanet
53,GJ 667 C f,0.03,0.0375,psychroplanet
54,GJ 667 C g,0.08,0.1,non-habitable
55,GJ 676 A d,0.15,0.1875,non-habitable
56,GJ 682 b,0.08,0.1,non-habitable
57,GJ 682 c,0.1,0.125,psychroplanet
58,GJ 832 c,0.03,0.0375,mesoplanet
59,GJ 876 d,0.08,0.1,non-habitable
60,GJ 1132 b,0,0.2182417489,non-habitable
61,GJ 3138 b,0.11,0.1375,non-habitable
62,GJ 3138 c,0.19,0.2375,non-habitable
63,GJ 3293 d,0.12,0.15,psychroplanet
64,GJ 3293 e,0.21,0.2625,non-habitable
65,GJ 3323 b,0.23,0.2875,mesoplanet
66,GJ 3323 c,0.17,0.2125,non-habitable
67,GJ 3341 b,0.31,0.3875,non-habitable
68,GJ 3634 b,0.08,0.1,non-habitable
69,GJ 3942 b,0.12,0.15,non-habitable
70,GJ 3998 b,0,0.1907472778,non-habitable
71,GJ 3998 c,0.05,0.0625,non-habitable
72,GJ 9827 b,0,0.2135871559,non-habitable
73,GJ 9827 c,0,0.248386074,non-habitable
74,HD 1461 b,0,0.207970732,non-habitable
75,HD 1461 c,0,0.262453781,non-habitable
76,HD 3167 b,0,0.3560823383,non-habitable
77,HD 3167 d,0.36,0.45,non-habitable
78,HD 7924 c,0.1,0.125,non-habitable
79,HD 7924 d,0.21,0.2625,non-habitable
80,HD 20794 b,0.27,0.3375,non-habitable
81,HD 20794 d,0.25,0.3125,non-habitable
82,HD 20794 e,0.29,0.3625,non-habitable
83,HD 39194 b,0.2,0.25,non-habitable
84,HD 39194 c,0.11,0.1375,non-habitable
85,HD 39194 d,0.2,0.25,non-habitable
86,HD 40307 b,0.2,0.25,non-habitable
87,HD 40307 c,0.06,0.075,non-habitable
88,HD 40307 d,0.07,0.0875,non-habitable
89,HD 40307 e,0.15,0.1875,non-habitable
90,HD 40307 f,0.02,0.025,non-habitable
91,HD 40307 g,0.29,0.3625,psychroplanet
92,HD 41248 c,0.01,0.0125,non-habitable
93,HD 85512 b,0.11,0.1375,non-habitable
94,HD 93385 b,0.15,0.1875,non-habitable
95,HD 96700 b,0.1,0.125,non-habitable
96,HD 97658 b,0.08,0.1,non-habitable
97,HD 106315 b,0.3,0.375,non-habitable
98,HD 134606 b,0.15,0.1875,non-habitable
99,HD 136352 b,0.18,0.225,non-habitable
100,HD 136352 d,0.43,0.5375,non-habitable
101,HD 154088 b,0.38,0.475,non-habitable
102,HD 156668 b,0,0.2117943815,non-habitable
103,HD 175607 b,0.11,0.1375,non-habitable
104,HD 181433 b,0.4,0.5,non-habitable
105,HD 215152 b,0.34,0.425,non-habitable
106,HD 215152 c,0.38,0.475,non-habitable
107,HD 215497 b,0.16,0.2,non-habitable
108,HD 219134 b,0,0.2270926728,non-habitable
109,HD 219134 c,0,0.3411958103,non-habitable
110,HD 219134 e,0.34,0.425,non-habitable
111,HIP 68468 b,0.41,0.5125,non-habitable
112,HIP 116454 b,0.2,0.25,non-habitable
113,K2-3 b,0,0.2101403629,non-habitable
114,K2-3 c,0,0.253918703,non-habitable
115,K2-3 d,0.05,0.0625,non-habitable
116,K2-4 b,0,0.1795314121,non-habitable
117,K2-5 b,0,0.2527677656,non-habitable
118,K2-5 c,0,0.2344452841,non-habitable
119,K2-6 b,0,0.2879973281,non-habitable
120,K2-8 c,0,0.2326863725,non-habitable
121,K2-9 b,0,0.0872023413,thermoplanet
122,K2-12 b,0,0.2159569681,non-habitable
123,K2-13 b,0,0.1954985273,non-habitable
124,K2-15 b,0,0.3168616763,non-habitable
125,K2-16 b,0,0.3345653278,non-habitable
126,K2-17 b,0,0.2790410698,non-habitable
127,K2-18 b,0,0.1663597264,mesoplanet
128,K2-18 c,0.47,0.5875,non-habitable
129,K2-19 d,0,0.1128523886,non-habitable
130,K2-21 b,0,0.1578074758,non-habitable
131,K2-21 c,0,0.3478363301,non-habitable
132,K2-22 b,0,0.1290224216,non-habitable
133,K2-28 b,0,0.1853596191,non-habitable
134,K2-35 b,0,0.2137213178,non-habitable
135,K2-35 c,0,0.2895681239,non-habitable
136,K2-36 b,0,0.0982831978,non-habitable
137,K2-37 b,0,0.2216389013,non-habitable
138,K2-38 b,0,0.1070164081,non-habitable
139,K2-38 c,0,0.2125037744,non-habitable
140,K2-42 b,0,0.3132907986,non-habitable
141,K2-46 b,0,0.2129028265,non-habitable
142,K2-47 b,0,0.2624693479,non-habitable
143,K2-48 b,0,0.1704374158,non-habitable
144,K2-49 b,0,0.29636155,non-habitable
145,K2-50 b,0,0.1765921059,non-habitable
146,K2-53 b,0,0.2978775743,non-habitable
147,K2-54 b,0,0.4586704784,non-habitable
148,K2-57 b,0,0.2192857758,non-habitable
149,K2-58 c,0,0.0933272998,non-habitable
150,K2-58 d,0,0.2151926193,non-habitable
151,K2-59 b,0,0.1620230566,non-habitable
152,K2-59 c,0,0.2915714244,non-habitable
153,K2-61 b,0,0.1809727975,non-habitable
154,K2-62 b,0,0.2728359356,non-habitable
155,K2-62 c,0,0.1588763285,non-habitable
156,K2-64 b,0,0.2157956758,non-habitable
157,K2-65 b,0,0.2969118936,non-habitable
158,K2-66 b,0,0.1819533035,non-habitable
159,K2-68 b,0,0.284611232,non-habitable
160,K2-69 b,0,0.1411593736,non-habitable
161,K2-71 b,0,0.1931712471,non-habitable
162,K2-72 b,0,0.2940752973,non-habitable
163,K2-72 c,0,0.2700399944,non-habitable
164,K2-72 d,0,0.3583352938,non-habitable
165,K2-72 e,0,0.2447046281,mesoplanet
166,K2-73 b,0,0.2151900504,non-habitable
167,K2-74 b,0,0.2440339058,non-habitable
168,K2-77 b,0,0.1919598486,non-habitable
169,K2-78 b,0,0.1010814713,non-habitable
170,K2-80 b,0,0.1934806778,non-habitable
171,K2-80 c,0,0.1923671936,non-habitable
172,K2-81 b,0,0.2755340613,non-habitable
173,K2-83 b,0,0.2422438493,non-habitable
174,K2-83 c,0,0.3278944968,non-habitable
175,K2-84 b,0,0.2119609309,non-habitable
176,K2-84 c,0,0.1228591335,non-habitable
177,K2-85 b,0,0.0816379729,non-habitable
178,K2-86 b,0,0.1740676475,non-habitable
179,K2-88 b,0,0.3084553386,non-habitable
180,K2-89 b,0,0.2006400055,non-habitable
181,K2-90 b,0,0.3034473391,non-habitable
182,K2-90 c,0,0.2407257376,non-habitable
183,K2-91 b,0,0.2535801689,non-habitable
184,K2-95 b,0.16,0.2,non-habitable
185,K2-106 b,0,0.0818126019,non-habitable
186,K2-110 b,0.08,0.1,non-habitable
187,Kapteyn b,0.21,0.2625,psychroplanet
188,Kapteyn c,0.23,0.2875,non-habitable
189,Kepler-9 d,0,0.1807055846,non-habitable
190,Kepler-10 b,0.06,0.075,non-habitable
191,Kepler-10 c,0.05,0.0625,non-habitable
192,Kepler-18 b,0,0.0780081719,non-habitable
193,Kepler-19 b,0.12,0.15,non-habitable
194,Kepler-20 b,0.03,0.0375,non-habitable
195,Kepler-20 e,0,0.1601334556,non-habitable
196,Kepler-20 f,0,0.1825187286,non-habitable
197,Kepler-21 b,0.02,0.025,non-habitable
198,Kepler-22 b,0,0.2678781806,mesoplanet
199,Kepler-23 b,0.06,0.075,non-habitable
200,Kepler-23 d,0.08,0.1,non-habitable
201,Kepler-24 b,0,0.2131738516,non-habitable
202,Kepler-26 e,0,0.2676150966,non-habitable
203,Kepler-33 b,0,0.0991449234,non-habitable
204,Kepler-36 b,0,0.2250833388,non-habitable
205,Kepler-37 b,0,0.2145711668,non-habitable
206,Kepler-37 c,0,0.111703878,non-habitable
207,Kepler-37 d,0,0.2606853341,non-habitable
208,Kepler-42 b,0,0.1429615444,non-habitable
209,Kepler-42 c,0,0.2193927253,non-habitable
210,Kepler-42 d,0,0.3360798754,non-habitable
211,Kepler-48 b,0,0.2669030481,non-habitable
212,Kepler-48 c,0,0.1833999274,non-habitable
213,Kepler-48 d,0,0.28976398,non-habitable
214,Kepler-49 d,0,0.215679707,non-habitable
215,Kepler-49 e,0,0.3295017305,non-habitable
216,Kepler-50 b,0,0.0800229179,non-habitable
217,Kepler-50 c,0,0.0735743581,non-habitable
218,Kepler-52 b,0,0.155358205,non-habitable
219,Kepler-52 c,0,0.359934751,non-habitable
220,Kepler-52 d,0,0.2583200126,non-habitable
221,Kepler-53 d,0,0.2081301481,non-habitable
222,Kepler-54 b,0,0.2690024513,non-habitable
223,Kepler-54 c,0,0.353730618,non-habitable
224,Kepler-54 d,0,0.2661189175,non-habitable
225,Kepler-55 b,0,0.343945124,non-habitable
226,Kepler-55 c,0,0.2760762896,non-habitable
227,Kepler-55 d,0,0.2514257925,non-habitable
228,Kepler-55 e,0,0.2095324726,non-habitable
229,Kepler-55 f,0,0.2109266033,non-habitable
230,Kepler-57 b,0,0.2097454374,non-habitable
231,Kepler-58 b,0,0.2685490489,non-habitable
232,Kepler-58 c,0,0.1804262346,non-habitable
233,Kepler-60 b,0,0.0575306173,non-habitable
234,Kepler-60 c,0,0.1108379823,non-habitable
235,Kepler-60 d,0,0.2587913935,non-habitable
236,Kepler-61 b,0.25,0.3125,mesoplanet
237,Kepler-62 b,0,0.205932239,non-habitable
238,Kepler-62 c,0,0.1964077611,non-habitable
239,Kepler-62 d,0,0.2681508589,non-habitable
240,Kepler-62 e,0,0.2959855725,mesoplanet
241,Kepler-62 f,0,0.2602204796,psychroplanet
242,Kepler-65 b,0.02,0.025,non-habitable
243,Kepler-65 c,0.08,0.1,non-habitable
244,Kepler-65 d,0.1,0.125,non-habitable
245,Kepler-68 b,0.02,0.025,non-habitable
246,Kepler-68 c,0.42,0.525,non-habitable
247,Kepler-69 b,0.16,0.2,non-habitable
248,Kepler-69 c,0.14,0.175,non-habitable
249,Kepler-70  b,0,0.1028439905,non-habitable
250,Kepler-70 c,0,0.102491004,non-habitable
251,Kepler-78 b,0,0.0683480159,non-habitable
252,Kepler-80 b,0,0.2063281136,non-habitable
253,Kepler-80 d,0,0.298027918,non-habitable
254,Kepler-80 e,0,0.2180065058,non-habitable
255,Kepler-80 f,0,0.0758469606,non-habitable
256,Kepler-81 c,0,0.3098891926,non-habitable
257,Kepler-81 d,0,0.4831004156,non-habitable
258,Kepler-82 d,0,0.0622524203,non-habitable
259,Kepler-82 e,0,0.3078135866,non-habitable
260,Kepler-83 b,0,0.3743515261,non-habitable
261,Kepler-83 c,0,0.4429077641,non-habitable
262,Kepler-83 d,0,0.1979141028,non-habitable
263,Kepler-84 b,0,0.3662045658,non-habitable
264,Kepler-84 c,0,0.2658269943,non-habitable
265,Kepler-84 d,0,0.068387578,non-habitable
266,Kepler-84 f,0,0.2448560216,non-habitable
267,Kepler-85 b,0,0.260295231,non-habitable
268,Kepler-85 c,0,0.2310990863,non-habitable
269,Kepler-85 d,0,0.1631000373,non-habitable
270,Kepler-85 e,0,0.2358523323,non-habitable
271,Kepler-89 b,0,0.079617147,non-habitable
272,Kepler-90 b,0,0.1630276191,non-habitable
273,Kepler-90 c,0,0.2957917041,non-habitable
274,Kepler-92 b,0.17,0.2125,non-habitable
275,Kepler-92 d,0.07,0.0875,non-habitable
276,Kepler-93 b,0,0.1620422663,non-habitable
277,Kepler-100 d,0.38,0.475,non-habitable
278,Kepler-101 c,0,0.0601187843,non-habitable
279,Kepler-102 d,0,0.1616393939,non-habitable
280,Kepler-102 e,0,0.2831545393,non-habitable
281,Kepler-102 f,0,0.6835766485,non-habitable
282,Kepler-105 c,0,0.1627563293,non-habitable
283,Kepler-106 c,0,0.2445795093,non-habitable
284,Kepler-106 e,0,0.3151563651,non-habitable
285,Kepler-107 b,0.02,0.025,non-habitable
286,Kepler-107 c,0.02,0.025,non-habitable
287,Kepler-107 d,0.14,0.175,non-habitable
288,Kepler-110 b,0,0.3871886314,non-habitable
289,Kepler-110 c,0,0.1800810443,non-habitable
290,Kepler-111 b,0,0.048294836,non-habitable
291,Kepler-112 b,0,0.2921708529,non-habitable
292,Kepler-112 c,0,0.2975562944,non-habitable
293,Kepler-113 b,0,0.236472673,non-habitable
294,Kepler-113 c,0,0.1957714398,non-habitable
295,Kepler-115 b,0,0.0514311435,non-habitable
296,Kepler-116 c,0,0.2119432313,non-habitable
297,Kepler-118 b,0,0.2682261598,non-habitable
298,Kepler-119 c,0,0.1317795718,non-habitable
299,Kepler-120 b,0,0.2736817843,non-habitable
300,Kepler-120 c,0,0.8819785723,non-habitable
301,Kepler-121 b,0,0.1616531759,non-habitable
302,Kepler-121 c,0,0.9089071341,non-habitable
303,Kepler-122 b,0,0.0744853421,non-habitable
304,Kepler-122 d,0,0.1974683645,non-habitable
305,Kepler-123 c,0,0.1204754029,non-habitable
306,Kepler-124 b,0,0.5310579888,non-habitable
307,Kepler-124 c,0,0.3039900965,non-habitable
308,Kepler-124 d,0,0.9758326708,non-habitable
309,Kepler-125 b,0,0.238002304,non-habitable
310,Kepler-125 c,0,0.4411990065,non-habitable
311,Kepler-126 b,0.07,0.0875,non-habitable
312,Kepler-126 c,0.19,0.2375,non-habitable
313,Kepler-127 b,0.47,0.5875,non-habitable
314,Kepler-127 c,0.03,0.0375,non-habitable
315,Kepler-129 b,0.01,0.0125,non-habitable
316,Kepler-130 b,0.15,0.1875,non-habitable
317,Kepler-130 d,0.8,1,non-habitable
318,Kepler-131 b,0,0.0779765839,non-habitable
319,Kepler-132 b,0,0.1218400221,non-habitable
320,Kepler-132 c,0,0.1250651661,non-habitable
321,Kepler-132 d,0,0.2380992566,non-habitable
322,Kepler-133 b,0,0.1321659926,non-habitable
323,Kepler-134 b,0,0.0742365205,non-habitable
324,Kepler-134 c,0,0.2140396304,non-habitable
325,Kepler-135 b,0,0.0827590319,non-habitable
326,Kepler-135 c,0,0.2189557283,non-habitable
327,Kepler-136 b,0,0.1931990793,non-habitable
328,Kepler-136 c,0,0.4590850141,non-habitable
329,Kepler-137 b,0,0.1667355189,non-habitable
330,Kepler-137 c,0,0.3023159776,non-habitable
331,Kepler-138 b,0,0.9374035484,non-habitable
332,Kepler-140 b,0,0.0491759144,non-habitable
333,Kepler-140 c,0,0.7268175114,non-habitable
334,Kepler-141 b,0,0.2096979479,non-habitable
335,Kepler-141 c,0,0.1725457319,non-habitable
336,Kepler-142 b,0,0.0740114568,non-habitable
337,Kepler-142 d,0,0.2757691165,non-habitable
338,Kepler-143 b,0,0.404523675,non-habitable
339,Kepler-144 b,0,0.0858655179,non-habitable
340,Kepler-144 c,0,0.2111568245,non-habitable
341,Kepler-145 b,0.43,0.5375,non-habitable
342,Kepler-145 c,0.11,0.1375,non-habitable
343,Kepler-147 b,0,0.2317878354,non-habitable
344,Kepler-147 c,0,0.1537165461,non-habitable
345,Kepler-148 b,0,0.0547434878,non-habitable
346,Kepler-149 c,0,0.8389705091,non-habitable
347,Kepler-150 b,0,0.1012191736,non-habitable
348,Kepler-151 c,0,0.3518630241,non-habitable
349,Kepler-152 c,0,0.4662011623,non-habitable
350,Kepler-154 b,0,0.3167619571,non-habitable
351,Kepler-154 e,0,0.0897493615,non-habitable
352,Kepler-154 f,0,0.358391021,non-habitable
353,Kepler-155 b,0,0.2070539394,non-habitable
354,Kepler-155 c,0,0.4556186839,non-habitable
355,Kepler-156 b,0,0.4340196038,non-habitable
356,Kepler-157 b,0,0.0660917318,non-habitable
357,Kepler-157 c,0,0.2426797048,non-habitable
358,Kepler-158 b,0,0.5750635308,non-habitable
359,Kepler-158 c,0,0.7367793251,non-habitable
360,Kepler-159 b,0,0.2983008365,non-habitable
361,Kepler-160 b,0,0.1284578656,non-habitable
362,Kepler-161 b,0,0.3910479669,non-habitable
363,Kepler-161 c,0,0.2390767623,non-habitable
364,Kepler-162 b,0,0.2584069828,non-habitable
365,Kepler-163 b,0,0.3432328486,non-habitable
366,Kepler-163 c,0,0.2677120238,non-habitable
367,Kepler-164 b,0,0.0802707554,non-habitable
368,Kepler-164 d,0,0.2398096765,non-habitable
369,Kepler-165 b,0,0.2240008476,non-habitable
370,Kepler-165 c,0,0.2890841931,non-habitable
371,Kepler-166 b,0,0.229994453,non-habitable
372,Kepler-166 c,0,0.5824452159,non-habitable
373,Kepler-167 b,0,0.2402008998,non-habitable
374,Kepler-167 c,0,0.2584607864,non-habitable
375,Kepler-167 d,0,0.5929571588,non-habitable
376,Kepler-168 b,0,0.0591727395,non-habitable
377,Kepler-169 b,0,0.2492642636,non-habitable
378,Kepler-169 c,0,0.2275387943,non-habitable
379,Kepler-169 d,0,0.2744657918,non-habitable
380,Kepler-169 e,0,0.3142250598,non-habitable
381,Kepler-171 b,0,0.1831259391,non-habitable
382,Kepler-171 d,0,0.5071796308,non-habitable
383,Kepler-172 b,0,0.0585948649,non-habitable
384,Kepler-172 d,0,0.2367041858,non-habitable
385,Kepler-173 b,0,0.0648508706,non-habitable
386,Kepler-173 c,0,0.2356647815,non-habitable
387,Kepler-174 b,0,0.3790744539,non-habitable
388,Kepler-174 c,0,0.490754159,non-habitable
389,Kepler-174 d,0,0.0971587649,psychroplanet
390,Kepler-176 b,0,0.2828371143,non-habitable
391,Kepler-179 b,0,0.1101795044,non-habitable
392,Kepler-179 c,0,0.1748882574,non-habitable
393,Kepler-180 b,0,0.1808764949,non-habitable
394,Kepler-181 b,0,0.1869536464,non-habitable
395,Kepler-181 c,0,0.2701312139,non-habitable
396,Kepler-183 b,0,0.1903242975,non-habitable
397,Kepler-183 c,0,0.1553026254,non-habitable
398,Kepler-184 b,0,0.1650771614,non-habitable
399,Kepler-184 c,0,0.3536133499,non-habitable
400,Kepler-184 d,0,0.3331393229,non-habitable
401,Kepler-185 b,0,0.0578482829,non-habitable
402,Kepler-185 c,0,0.3461157565,non-habitable
403,Kepler-186 b,0,0.3409308706,non-habitable
404,Kepler-186 c,0,0.4788751475,non-habitable
405,Kepler-186 d,0,0.4497921098,non-habitable
406,Kepler-186 e,0,0.3135282716,non-habitable
407,Kepler-186 f,0.04,0.05,hypopsychroplanet
408,Kepler-187 b,0,0.0621243305,non-habitable
409,Kepler-188 b,0,0.0701134055,non-habitable
410,Kepler-189 b,0,0.4366853098,non-habitable
411,Kepler-189 c,0,0.3492364353,non-habitable
412,Kepler-190 b,0,0.0361763444,non-habitable
413,Kepler-190 c,0,0.2311404809,non-habitable
414,Kepler-191 b,0,0.4192330305,non-habitable
415,Kepler-191 c,0,0.3373596419,non-habitable
416,Kepler-191 d,0,0.1476234891,non-habitable
417,Kepler-193 b,0,0.236529725,non-habitable
418,Kepler-194 b,0,0.0696197019,non-habitable
419,Kepler-194 d,0,0.3637324836,non-habitable
420,Kepler-195 b,0,0.213898159,non-habitable
421,Kepler-195 c,0,0.4220067016,non-habitable
422,Kepler-196 b,0,0.3489474526,non-habitable
423,Kepler-196 c,0,0.419186448,non-habitable
424,Kepler-197 b,0.02,0.025,non-habitable
425,Kepler-197 d,0.03,0.0375,non-habitable
426,Kepler-197 e,0.38,0.475,non-habitable
427,Kepler-198 c,0,0.3954520233,non-habitable
428,Kepler-198 d,0,0.072967836,non-habitable
429,Kepler-200 b,0,0.1702474613,non-habitable
430,Kepler-200 c,0,0.0420198983,non-habitable
431,Kepler-201 b,0,0.347696345,non-habitable
432,Kepler-202 b,0,0.0585281953,non-habitable
433,Kepler-202 c,0,0.3555802258,non-habitable
434,Kepler-203 c,0,0.0546142101,non-habitable
435,Kepler-203 d,0,0.137800359,non-habitable
436,Kepler-204 c,0,0.448287855,non-habitable
437,Kepler-205 b,0,0.0806597548,non-habitable
438,Kepler-205 c,0,0.3682626075,non-habitable
439,Kepler-206 b,0,0.1915736983,non-habitable
440,Kepler-206 c,0,0.0984066338,non-habitable
441,Kepler-206 d,0,0.4440837235,non-habitable
442,Kepler-207 b,0,0.0810278875,non-habitable
443,Kepler-207 c,0,0.0697228094,non-habitable
444,Kepler-208 b,0,0.0577576573,non-habitable
445,Kepler-208 c,0,0.0637177229,non-habitable
446,Kepler-208 d,0,0.203912911,non-habitable
447,Kepler-208 e,0,0.1307883391,non-habitable
448,Kepler-209 b,0,0.4055227836,non-habitable
449,Kepler-211 b,0,0.2207422614,non-habitable
450,Kepler-211 c,0,0.1015676605,non-habitable
451,Kepler-212 b,0,0.143029226,non-habitable
452,Kepler-213 b,0,0.0524951136,non-habitable
453,Kepler-213 c,0,0.0434748019,non-habitable
454,Kepler-214 c,0,0.3169595179,non-habitable
455,Kepler-215 b,0,0.2018740634,non-habitable
456,Kepler-215 c,0,0.1799107286,non-habitable
457,Kepler-215 d,0,0.325919817,non-habitable
458,Kepler-215 e,0,0.3070692306,non-habitable
459,Kepler-216 b,0,0.1059800488,non-habitable
460,Kepler-217 b,0,0.0532791018,non-habitable
461,Kepler-217 c,0,0.0584532268,non-habitable
462,Kepler-218 b,0,0.0430367161,non-habitable
463,Kepler-220 b,0,0.18435638,non-habitable
464,Kepler-220 c,0,0.3190621621,non-habitable
465,Kepler-220 d,0,0.3041514943,non-habitable
466,Kepler-220 e,0,0.2638431024,non-habitable
467,Kepler-221 b,0,0.0740448066,non-habitable
468,Kepler-223 b,0,0.1927125675,non-habitable
469,Kepler-223 c,0,0.2006691323,non-habitable
470,Kepler-223 e,0,0.3247284591,non-habitable
471,Kepler-224 b,0,0.2142648438,non-habitable
472,Kepler-224 d,0,0.310469689,non-habitable
473,Kepler-224 e,0,0.2770067229,non-habitable
474,Kepler-225 b,0,0.2716350323,non-habitable
475,Kepler-225 c,0,0.2446518434,non-habitable
476,Kepler-226 b,0,0.1563257116,non-habitable
477,Kepler-226 c,0,0.2135972076,non-habitable
478,Kepler-226 d,0,0.1762529121,non-habitable
479,Kepler-228 b,0,0.0590055816,non-habitable
480,Kepler-229 b,0,0.1899189094,non-habitable
481,Kepler-230 c,0,0.2544430675,non-habitable
482,Kepler-231 b,0,0.2671813554,non-habitable
483,Kepler-231 c,0,0.2396550041,non-habitable
484,Kepler-233 b,0,0.2263873315,non-habitable
485,Kepler-235 b,0,0.2519595166,non-habitable
486,Kepler-235 c,0,0.245742256,non-habitable
487,Kepler-235 d,0,0.262239832,non-habitable
488,Kepler-235 e,0,0.2057282778,non-habitable
489,Kepler-236 b,0,0.2441229203,non-habitable
490,Kepler-236 c,0,0.2168438469,non-habitable
491,Kepler-237 b,0,0.1842941336,non-habitable
492,Kepler-237 c,0,0.2685149489,non-habitable
493,Kepler-238 b,0,0.0524093401,non-habitable
494,Kepler-238 c,0,0.191127604,non-habitable
495,Kepler-238 f,0,0.2371017798,non-habitable
496,Kepler-239 b,0,0.2506910404,non-habitable
497,Kepler-240 b,0,0.2013049331,non-habitable
498,Kepler-240 c,0,0.2543139319,non-habitable
499,Kepler-241 b,0,0.2111501843,non-habitable
500,Kepler-242 c,0,0.2021985914,non-habitable
501,Kepler-243 b,0,0.1951272164,non-habitable
502,Kepler-243 c,0,0.2025365031,non-habitable
503,Kepler-244 c,0,0.2224115388,non-habitable
504,Kepler-244 d,0,0.2019013134,non-habitable
505,Kepler-245 c,0,0.195794712,non-habitable
506,Kepler-245 e,0,0.1004630688,non-habitable
507,Kepler-246 b,0,0.1845658788,non-habitable
508,Kepler-246 c,0,0.2314243951,non-habitable
509,Kepler-247 b,0,0.1059713644,non-habitable
510,Kepler-249 b,0,0.1797113489,non-habitable
511,Kepler-249 c,0,0.2070137843,non-habitable
512,Kepler-249 d,0,0.2023669979,non-habitable
513,Kepler-250 b,0,0.180312767,non-habitable
514,Kepler-250 c,0,0.2008912053,non-habitable
515,Kepler-250 d,0,0.148890744,non-habitable
516,Kepler-251 b,0,0.1002498914,non-habitable
517,Kepler-252 b,0,0.1407513735,non-habitable
518,Kepler-252 c,0,0.1753377128,non-habitable
519,Kepler-253 b,0,0.1038538333,non-habitable
520,Kepler-254 c,0,0.2011548958,non-habitable
521,Kepler-254 d,0,0.2029485181,non-habitable
522,Kepler-255 b,0,0.132757267,non-habitable
523,Kepler-255 d,0,0.0767970135,non-habitable
524,Kepler-256 b,0,0.0771644265,non-habitable
525,Kepler-256 c,0,0.0550206906,non-habitable
526,Kepler-256 d,0,0.0893764884,non-habitable
527,Kepler-256 e,0,0.1737201611,non-habitable
528,Kepler-260 b,0,0.1647831653,non-habitable
529,Kepler-260 c,0,0.1771754479,non-habitable
530,Kepler-261 b,0,0.1850217154,non-habitable
531,Kepler-261 c,0,0.1368896001,non-habitable
532,Kepler-262 b,0,0.2007275738,non-habitable
533,Kepler-262 c,0,0.1240781428,non-habitable
534,Kepler-263 c,0,0.1779211875,non-habitable
535,Kepler-265 b,0,0.0891346414,non-habitable
536,Kepler-265 d,0,0.0894201429,non-habitable
537,Kepler-266 b,0,0.0923129296,non-habitable
538,Kepler-267 b,0,0.1682466496,non-habitable
539,Kepler-267 c,0,0.0770765036,non-habitable
540,Kepler-267 d,0,0.1651127416,non-habitable
541,Kepler-269 b,0,0.0873051336,non-habitable
542,Kepler-269 c,0,0.120270449,non-habitable
543,Kepler-270 b,0,0.0902121403,non-habitable
544,Kepler-270 c,0,0.1586993723,non-habitable
545,Kepler-271 b,0,0.1174696525,non-habitable
546,Kepler-271 c,0,0.1616333606,non-habitable
547,Kepler-272 b,0,0.0678875838,non-habitable
548,Kepler-272 c,0,0.1226441093,non-habitable
549,Kepler-272 d,0,0.155229245,non-habitable
550,Kepler-273 b,0,0.0681695279,non-habitable
551,Kepler-273 c,0,0.1709598665,non-habitable
552,Kepler-274 b,0,0.1694068241,non-habitable
553,Kepler-274 c,0,0.0561773663,non-habitable
554,Kepler-275 b,0,0.0832521059,non-habitable
555,Kepler-276 d,0,0.1120988053,non-habitable
556,Kepler-277 b,0,0.0884125596,non-habitable
557,Kepler-277 c,0,0.1536512064,non-habitable
558,Kepler-279 d,0,0.060178475,non-habitable
559,Kepler-280 b,0,0.068705358,non-habitable
560,Kepler-280 c,0,0.0863786351,non-habitable
561,Kepler-282 b,0,0.1110242055,non-habitable
562,Kepler-282 c,0,0.1427051644,non-habitable
563,Kepler-282 d,0,0.1160568243,non-habitable
564,Kepler-282 e,0,0.1098695909,non-habitable
565,Kepler-283 b,0,0.1003496279,non-habitable
566,Kepler-283 c,0,0.1280896339,mesoplanet
567,Kepler-284 b,0,0.140083983,non-habitable
568,Kepler-285 b,0,0.0655106685,non-habitable
569,Kepler-285 c,0,0.1268397391,non-habitable
570,Kepler-286 b,0,0.0705966459,non-habitable
571,Kepler-286 c,0,0.0652267773,non-habitable
572,Kepler-286 d,0,0.1080758579,non-habitable
573,Kepler-286 e,0,0.0402633878,non-habitable
574,Kepler-287 b,0,0.132809241,non-habitable
575,Kepler-288 b,0,0.0578687411,non-habitable
576,Kepler-289 b,0.02,0.025,non-habitable
577,Kepler-290 b,0,0.033122252,non-habitable
578,Kepler-291 b,0,0.0682188233,non-habitable
579,Kepler-291 c,0,0.0600355424,non-habitable
580,Kepler-292 b,0,0.0604945093,non-habitable
581,Kepler-292 c,0,0.0749145166,non-habitable
582,Kepler-292 d,0,0.0918536498,non-habitable
583,Kepler-292 f,0,0.0297618136,non-habitable
584,Kepler-294 b,0,0.0617449571,non-habitable
585,Kepler-295 b,0,0.1399409281,non-habitable
586,Kepler-295 c,0,0.054795736,non-habitable
587,Kepler-295 d,0,0.0547362551,non-habitable
588,Kepler-296 b,0,0.1354048446,non-habitable
589,Kepler-296 c,0,0.0490414711,non-habitable
590,Kepler-296 d,0,0.1042296668,non-habitable
591,Kepler-296 e,0.1,0.125,mesoplanet
592,Kepler-296 f,0.12,0.15,psychroplanet
593,Kepler-298 b,0,0.0562585113,non-habitable
594,Kepler-298 c,0,0.10404748,non-habitable
595,Kepler-298 d,0,0.1262812854,mesoplanet
596,Kepler-299 b,0,0.0647026638,non-habitable
597,Kepler-299 d,0,0.1364810798,non-habitable
598,Kepler-299 e,0,0.0564234313,non-habitable
599,Kepler-300 b,0,0.082246161,non-habitable
600,Kepler-300 c,0,0.0689549216,non-habitable
601,Kepler-301 b,0,0.0632779935,non-habitable
602,Kepler-301 c,0,0.0587675444,non-habitable
603,Kepler-301 d,0,0.1363314085,non-habitable
604,Kepler-303 b,0,0.124685581,non-habitable
605,Kepler-303 c,0,0.1106889053,non-habitable
606,Kepler-304 c,0,0.1288985779,non-habitable
607,Kepler-304 e,0,0.0637086694,non-habitable
608,Kepler-306 b,0,0.0747833615,non-habitable
609,Kepler-306 c,0,0.1358249266,non-habitable
610,Kepler-306 d,0,0.0740348415,non-habitable
611,Kepler-306 e,0,0.1093425088,non-habitable
612,Kepler-307 b,0,0.0543878021,non-habitable
613,Kepler-308 b,0,0.0537781823,non-habitable
614,Kepler-308 c,0,0.1358790889,non-habitable
615,Kepler-309 b,0,0.1363741095,non-habitable
616,Kepler-310 b,0,0.1384075045,non-habitable
617,Kepler-310 d,0,0.1105683945,non-habitable
618,Kepler-311 b,0,0.0602066984,non-habitable
619,Kepler-311 c,0,0.1299889265,non-habitable
620,Kepler-312 b,0,0.0876394595,non-habitable
621,Kepler-314 b,0,0.0675516664,non-habitable
622,Kepler-316 b,0,0.0545329485,non-habitable
623,Kepler-316 c,0,0.0874289691,non-habitable
624,Kepler-317 b,0,0.0600631948,non-habitable
625,Kepler-317 c,0,0.0523222988,non-habitable
626,Kepler-319 b,0,0.0569746788,non-habitable
627,Kepler-319 d,0,0.099223425,non-habitable
628,Kepler-320 b,0,0.060319966,non-habitable
629,Kepler-320 c,0,0.0834498375,non-habitable
630,Kepler-321 b,0,0.064583461,non-habitable
631,Kepler-321 c,0,0.0480030396,non-habitable
632,Kepler-322 b,0,0.068177953,non-habitable
633,Kepler-322 c,0,0.0599394178,non-habitable
634,Kepler-323 b,0,0.0540812199,non-habitable
635,Kepler-323 c,0,0.0686699436,non-habitable
636,Kepler-324 b,0,0.0607510278,non-habitable
637,Kepler-326 b,0,0.0661526881,non-habitable
638,Kepler-326 c,0,0.055145539,non-habitable
639,Kepler-326 d,0,0.0882355489,non-habitable
640,Kepler-327 b,0,0.1537228014,non-habitable
641,Kepler-327 c,0,0.1215248596,non-habitable
642,Kepler-327 d,0,0.1113475846,non-habitable
643,Kepler-328 b,0,0.117877456,non-habitable
644,Kepler-329 b,0,0.124402212,non-habitable
645,Kepler-329 c,0,0.1086799979,non-habitable
646,Kepler-330 b,0,0.1571925611,non-habitable
647,Kepler-330 c,0,0.129205599,non-habitable
648,Kepler-331 b,0,0.131577006,non-habitable
649,Kepler-331 c,0,0.1067657035,non-habitable
650,Kepler-331 d,0,0.1193308861,non-habitable
651,Kepler-332 b,0,0.1600862516,non-habitable
652,Kepler-332 c,0,0.1362884941,non-habitable
653,Kepler-332 d,0,0.1062221559,non-habitable
654,Kepler-333 b,0,0.1498605193,non-habitable
655,Kepler-333 c,0,0.1154861555,non-habitable
656,Kepler-334 b,0,0.0629331755,non-habitable
657,Kepler-334 c,0,0.0592116678,non-habitable
658,Kepler-334 d,0,0.1712913564,non-habitable
659,Kepler-336 b,0,0.0619337698,non-habitable
660,Kepler-336 c,0,0.058370341,non-habitable
661,Kepler-336 d,0,0.103374698,non-habitable
662,Kepler-337 b,0,0.0698201609,non-habitable
663,Kepler-337 c,0,0.0660575471,non-habitable
664,Kepler-338 b,0.04,0.05,non-habitable
665,Kepler-338 c,0.03,0.0375,non-habitable
666,Kepler-338 e,0.05,0.0625,non-habitable
667,Kepler-339 b,0,0.066049436,non-habitable
668,Kepler-339 c,0,0.0476689884,non-habitable
669,Kepler-339 d,0,0.1349059845,non-habitable
670,Kepler-341 b,0,0.0665926458,non-habitable
671,Kepler-341 c,0,0.0662046343,non-habitable
672,Kepler-341 d,0,0.1919480699,non-habitable
673,Kepler-341 e,0,0.1733224779,non-habitable
674,Kepler-342 b,0,0.0667291523,non-habitable
675,Kepler-342 c,0,0.1014911418,non-habitable
676,Kepler-342 d,0,0.1682285524,non-habitable
677,Kepler-342 e,0,0.0903229105,non-habitable
678,Kepler-343 b,0,0.0557703566,non-habitable
679,Kepler-343 c,0,0.1220733178,non-habitable
680,Kepler-345 b,0,0.1829617844,non-habitable
681,Kepler-345 c,0,0.1897471603,non-habitable
682,Kepler-347 b,0,0.064944202,non-habitable
683,Kepler-347 c,0,0.1914239176,non-habitable
684,Kepler-348 b,0,0.065096236,non-habitable
685,Kepler-348 c,0,0.0622281886,non-habitable
686,Kepler-349 b,0,0.0601638458,non-habitable
687,Kepler-349 c,0,0.0979952583,non-habitable
688,Kepler-350 b,0,0.0638449636,non-habitable
689,Kepler-350 d,0,0.123922545,non-habitable
690,Kepler-352 b,0,0.1850344641,non-habitable
691,Kepler-352 c,0,0.2167818164,non-habitable
692,Kepler-353 b,0,0.1980997028,non-habitable
693,Kepler-353 c,0,0.1677580845,non-habitable
694,Kepler-354 b,0,0.1618790278,non-habitable
695,Kepler-354 c,0,0.1762789816,non-habitable
696,Kepler-354 d,0,0.152075401,non-habitable
697,Kepler-355 b,0,0.0845489398,non-habitable
698,Kepler-356 b,0,0.0913152193,non-habitable
699,Kepler-356 c,0,0.0751624246,non-habitable
700,Kepler-357 b,0,0.0961807156,non-habitable
701,Kepler-360 b,0,0.0924163201,non-habitable
702,Kepler-360 c,0,0.0663711486,non-habitable
703,Kepler-361 b,0,0.0730815226,non-habitable
704,Kepler-362 b,0,0.1730301988,non-habitable
705,Kepler-362 c,0,0.1737329445,non-habitable
706,Kepler-363 b,0,0.0873494719,non-habitable
707,Kepler-363 c,0,0.0745474691,non-habitable
708,Kepler-363 d,0,0.0786375203,non-habitable
709,Kepler-364 b,0,0.1803102828,non-habitable
710,Kepler-364 c,0,0.230810229,non-habitable
711,Kepler-365 b,0,0.0964281798,non-habitable
712,Kepler-365 c,0,0.1724052509,non-habitable
713,Kepler-366 b,0,0.0962111469,non-habitable
714,Kepler-366 c,0,0.1028864691,non-habitable
715,Kepler-367 b,0,0.1157944675,non-habitable
716,Kepler-367 c,0,0.1172819091,non-habitable
717,Kepler-369 b,0,0.2633392609,non-habitable
718,Kepler-369 c,0,0.116057359,non-habitable
719,Kepler-370 b,0,0.0778575418,non-habitable
720,Kepler-370 c,0,0.2525547579,non-habitable
721,Kepler-371 b,0,0.2560352861,non-habitable
722,Kepler-371 c,0,0.1610858579,non-habitable
723,Kepler-372 b,0,0.0861375869,non-habitable
724,Kepler-372 c,0,0.1438953429,non-habitable
725,Kepler-372 d,0,0.2352198864,non-habitable
726,Kepler-373 b,0,0.083638814,non-habitable
727,Kepler-373 c,0,0.2710898554,non-habitable
728,Kepler-374 b,0,0.0867616645,non-habitable
729,Kepler-374 c,0,0.0994637254,non-habitable
730,Kepler-374 d,0,0.0836514769,non-habitable
731,Kepler-375 b,0,0.1838665353,non-habitable
732,Kepler-376 b,0,0.0986479974,non-habitable
733,Kepler-376 c,0,0.127956129,non-habitable
734,Kepler-377 b,0,0.1149712191,non-habitable
735,Kepler-377 c,0,0.2500444878,non-habitable
736,Kepler-378 b,0,0.19600052,non-habitable
737,Kepler-378 c,0,0.1374035603,non-habitable
738,Kepler-379 b,0,0.1584225894,non-habitable
739,Kepler-379 c,0,0.2739604374,non-habitable
740,Kepler-380 b,0,0.1050286823,non-habitable
741,Kepler-380 c,0,0.0873634454,non-habitable
742,Kepler-381 b,0,0.1055424041,non-habitable
743,Kepler-381 c,0,0.0853827256,non-habitable
744,Kepler-382 b,0,0.0856584625,non-habitable
745,Kepler-382 c,0,0.1717636968,non-habitable
746,Kepler-383 b,0,0.2946545984,non-habitable
747,Kepler-383 c,0,0.1373914889,non-habitable
748,Kepler-384 b,0,0.3558012881,non-habitable
749,Kepler-384 c,0,0.177569313,non-habitable
750,Kepler-386 b,0,0.3530460718,non-habitable
751,Kepler-386 c,0,0.2405372056,non-habitable
752,Kepler-387 b,0,0.0869022886,non-habitable
753,Kepler-387 c,0,0.1466662513,non-habitable
754,Kepler-388 b,0,0.1655181094,non-habitable
755,Kepler-388 c,0,0.2037585095,non-habitable
756,Kepler-389 b,0,0.0910154209,non-habitable
757,Kepler-389 c,0,0.3950350396,non-habitable
758,Kepler-390 b,0,0.174459162,non-habitable
759,Kepler-390 c,0,0.4077943824,non-habitable
760,Kepler-392 b,0,0.1231932911,non-habitable
761,Kepler-392 c,0,0.1078526438,non-habitable
762,Kepler-393 b,0,0.0968743243,non-habitable
763,Kepler-393 c,0,0.1067293311,non-habitable
764,Kepler-394 b,0,0.0934748635,non-habitable
765,Kepler-394 c,0,0.1064736271,non-habitable
766,Kepler-395 b,0,0.3562807774,non-habitable
767,Kepler-395 c,0,0.104744047,non-habitable
768,Kepler-396 b,0,0.1621950331,non-habitable
769,Kepler-397 b,0,0.3305316045,non-habitable
770,Kepler-398 b,0,0.1771765505,non-habitable
771,Kepler-398 c,0,0.2693790833,non-habitable
772,Kepler-399 b,0,0.4706523775,non-habitable
773,Kepler-399 c,0,0.2518131121,non-habitable
774,Kepler-399 d,0,0.1393476696,non-habitable
775,Kepler-400 b,0,0.0873377706,non-habitable
776,Kepler-400 c,0,0.1854246324,non-habitable
777,Kepler-401 b,0,0.1097153126,non-habitable
778,Kepler-401 c,0,0.4750026735,non-habitable
779,Kepler-402 b,0,0.1150356585,non-habitable
780,Kepler-402 c,0,0.1520331421,non-habitable
781,Kepler-402 d,0,0.0916952369,non-habitable
782,Kepler-402 e,0,0.0866721978,non-habitable
783,Kepler-403 b,0,0.1371649084,non-habitable
784,Kepler-403 c,0,0.4090376606,non-habitable
785,Kepler-404 b,0,0.1321626421,non-habitable
786,Kepler-404 c,0,0.3228176541,non-habitable
787,Kepler-405 b,0,0.1911951375,non-habitable
788,Kepler-406 b,0,0.1165116251,non-habitable
789,Kepler-411 b,0,0.0885187268,non-habitable
790,Kepler-431 b,0,0.0923191255,non-habitable
791,Kepler-431 c,0,0.0879189155,non-habitable
792,Kepler-431 d,0,0.147169702,non-habitable
793,Kepler-436 c,0,0.2698603791,non-habitable
794,Kepler-437 b,0.02,0.025,non-habitable
795,Kepler-438 b,0.03,0.0375,mesoplanet
796,Kepler-439 b,0.03,0.0375,non-habitable
797,Kepler-440 b,0.34,0.425,mesoplanet
798,Kepler-441 b,0.1,0.125,non-habitable
799,Kepler-442 b,0.04,0.05,psychroplanet
800,Kepler-443 b,0.11,0.1375,mesoplanet
801,Kepler-444 b,0.08,0.1,non-habitable
802,Kepler-444 c,0.12,0.15,non-habitable
803,Kepler-444 d,0.18,0.225,non-habitable
804,Kepler-444 e,0.02,0.025,non-habitable
805,Kepler-444 f,0.58,0.725,non-habitable
806,Kepler-445 b,0,0.1664400289,non-habitable
807,Kepler-445 c,0,0.1096306733,non-habitable
808,Kepler-445 d,0,0.1077676309,non-habitable
809,Kepler-446 b,0,0.4519846758,non-habitable
810,Kepler-446 c,0,0.1808382576,non-habitable
811,Kepler-446 d,0,0.1351363605,non-habitable
812,Kepler-449 b,0.03,0.0375,non-habitable
813,Kepler-450 d,0.14,0.175,non-habitable
814,Kepler-452 b,0,0.1655309495,mesoplanet
815,Kepler-454 b,0,0.1486049989,non-habitable
816,Kepler-457 b,0,0.1748352105,non-habitable
817,Kepler-457 c,0,0.3592050461,non-habitable
818,Kepler-466 c,0,0.1566542793,non-habitable
819,Kepler-467 b,0,0.1442262989,non-habitable
820,Kepler-475 b,0,0.0858933605,non-habitable
821,Kepler-477 b,0,0.3800226679,non-habitable
822,Kepler-479 b,0,0.520904245,non-habitable
823,Kepler-481 b,0,0.0889981834,non-habitable
824,Kepler-482 b,0,0.1284242909,non-habitable
825,Kepler-484 b,0,0.1899676423,non-habitable
826,Kepler-496 b,0,0.1917124424,non-habitable
827,Kepler-499 b,0,0.1026332466,non-habitable
828,Kepler-504 b,0,0.131532965,non-habitable
829,Kepler-507 b,0,0.111546198,non-habitable
830,Kepler-508 b,0,0.1880746956,non-habitable
831,Kepler-509 b,0,0.4725219196,non-habitable
832,Kepler-510 b,0,0.1590251926,non-habitable
833,Kepler-513 b,0,0.5079019534,non-habitable
834,Kepler-514 b,0,0.1463285333,non-habitable
835,Kepler-515 b,0,0.3996444015,non-habitable
836,Kepler-518 b,0,0.1316286773,non-habitable
837,Kepler-519 b,0,0.2978642459,non-habitable
838,Kepler-520 b,0,0.1808963481,non-habitable
839,Kepler-520 c,0,0.1559389385,non-habitable
840,Kepler-523 b,0,0.0856723846,non-habitable
841,Kepler-524 b,0,0.0854540791,non-habitable
842,Kepler-524 c,0,0.0895954426,non-habitable
843,Kepler-526 b,0,0.136226643,non-habitable
844,Kepler-528 b,0,0.2449263358,non-habitable
845,Kepler-529 b,0,0.0877348471,non-habitable
846,Kepler-529 c,0,0.1224611085,non-habitable
847,Kepler-534 b,0,0.1994083646,non-habitable
848,Kepler-535 b,0,0.1403187815,non-habitable
849,Kepler-537 b,0,0.1547605604,non-habitable
850,Kepler-538 b,0,0.1660487345,non-habitable
851,Kepler-539 c,0.5,0.625,non-habitable
852,Kepler-542 b,0,0.2351095213,non-habitable
853,Kepler-543 b,0,0.3148963254,non-habitable
854,Kepler-544 b,0,0.1891414833,non-habitable
855,Kepler-556 b,0,0.1746505784,non-habitable
856,Kepler-558 b,0,0.247159608,non-habitable
857,Kepler-560 b,0,0.1710093461,non-habitable
858,Kepler-566 b,0,0.3538614786,non-habitable
859,Kepler-567 b,0,0.3771807315,non-habitable
860,Kepler-568 b,0,0.1974777241,non-habitable
861,Kepler-570 b,0,0.100673828,non-habitable
862,Kepler-574 b,0,0.1264419038,non-habitable
863,Kepler-575 b,0,0.144019622,non-habitable
864,Kepler-578 b,0,0.1211313251,non-habitable
865,Kepler-579 b,0,0.1583876404,non-habitable
866,Kepler-583 b,0,0.1113125645,non-habitable
867,Kepler-587 b,0,0.1943742663,non-habitable
868,Kepler-589 b,0,0.3676929476,non-habitable
869,Kepler-592 b,0,0.1200014439,non-habitable
870,Kepler-594 b,0,0.2669184868,non-habitable
871,Kepler-597 b,0,0.1993963783,non-habitable
872,Kepler-598 b,0,0.1002464613,non-habitable
873,Kepler-601 b,0,0.1428170229,non-habitable
874,Kepler-602 b,0,0.1650843825,non-habitable
875,Kepler-603 d,0,0.0950889449,non-habitable
876,Kepler-605 b,0,0.1203576948,non-habitable
877,Kepler-605 c,0,0.1388368944,non-habitable
878,Kepler-607 b,0,0.0825763041,non-habitable
879,Kepler-611 b,0,0.1186636488,non-habitable
880,Kepler-613 b,0,0.2329502294,non-habitable
881,Kepler-614 b,0,0.3102439393,non-habitable
882,Kepler-615 b,0,0.3297325763,non-habitable
883,Kepler-616 b,0,0.1511129538,non-habitable
884,Kepler-617 b,0,0.198323458,non-habitable
885,Kepler-619 c,0,0.0686711975,non-habitable
886,Kepler-621 b,0,0.1236304598,non-habitable
887,Kepler-622 b,0,0.2227864333,non-habitable
888,Kepler-624 b,0,0.1470456783,non-habitable
889,Kepler-625 b,0,0.1267817373,non-habitable
890,Kepler-625 c,0,0.1192566264,non-habitable
891,Kepler-626 b,0,0.1880933955,non-habitable
892,Kepler-629 b,0,0.164136994,non-habitable
893,Kepler-632 b,0,0.2317101716,non-habitable
894,Kepler-633 b,0,0.1212858269,non-habitable
895,Kepler-634 b,0,0.1314466836,non-habitable
896,Kepler-638 b,0,0.1263414914,non-habitable
897,Kepler-639 b,0,0.1223986861,non-habitable
898,Kepler-641 b,0,0.130686037,non-habitable
899,Kepler-645 b,0,0.1123561886,non-habitable
900,Kepler-646 b,0,0.2510306301,non-habitable
901,Kepler-647 b,0,0.1951611441,non-habitable
902,Kepler-649 b,0,0.2961182288,non-habitable
903,Kepler-651 b,0,0.2999666346,non-habitable
904,Kepler-652 b,0,0.1021721706,non-habitable
905,Kepler-653 b,0,0.1783864909,non-habitable
906,Kepler-653 c,0,0.0690486589,non-habitable
907,Kepler-654 b,0,0.1699477503,non-habitable
908,Kepler-658 b,0,0.1277748926,non-habitable
909,Kepler-659 b,0,0.2546137693,non-habitable
910,Kepler-662 b,0,0.2241261163,non-habitable
911,Kepler-666 b,0,0.1242293366,non-habitable
912,Kepler-672 b,0,0.2370742033,non-habitable
913,Kepler-674 b,0,0.1630108291,non-habitable
914,Kepler-675 b,0,0.1092866301,non-habitable
915,Kepler-680 b,0,0.1237971765,non-habitable
916,Kepler-683 b,0,0.1209855423,non-habitable
917,Kepler-691 b,0,0.2265921613,non-habitable
918,Kepler-705 b,0,0.2458450139,mesoplanet
919,Kepler-707 b,0,0.1161769424,non-habitable
920,Kepler-710 b,0,0.1064197748,non-habitable
921,Kepler-713 b,0,0.1337468183,non-habitable
922,Kepler-717 b,0,0.1334569574,non-habitable
923,Kepler-732 b,0,0.214380802,non-habitable
924,Kepler-732 c,0,0.1415555329,non-habitable
925,Kepler-737 b,0,0.2116396434,non-habitable
926,Kepler-738 b,0,0.2570051129,non-habitable
927,Kepler-743 b,0,0.1123497083,non-habitable
928,Kepler-744 b,0,0.2042063181,non-habitable
929,Kepler-745 b,0,0.1505614224,non-habitable
930,Kepler-746 b,0,0.1130130898,non-habitable
931,Kepler-750 c,0,0.1177695688,non-habitable
932,Kepler-751 b,0,0.2672925793,non-habitable
933,Kepler-753 b,0,0.2400775034,non-habitable
934,Kepler-754 b,0,0.1825440544,non-habitable
935,Kepler-755 b,0,0.1162349381,non-habitable
936,Kepler-755 c,0,0.1374755469,non-habitable
937,Kepler-756 b,0,0.110961147,non-habitable
938,Kepler-757 b,0,0.0644276819,non-habitable
939,Kepler-758 b,0,0.1381202523,non-habitable
940,Kepler-758 c,0,0.1143778148,non-habitable
941,Kepler-758 d,0,0.1649152523,non-habitable
942,Kepler-758 e,0,0.1153031103,non-habitable
943,Kepler-759 b,0,0.2487888326,non-habitable
944,Kepler-760 c,0,0.1177451556,non-habitable
945,Kepler-761 b,0,0.1750918205,non-habitable
946,Kepler-763 b,0,0.1114139278,non-habitable
947,Kepler-764 b,0,0.1588214833,non-habitable
948,Kepler-765 b,0,0.2535330956,non-habitable
949,Kepler-768 b,0,0.2488796936,non-habitable
950,Kepler-769 c,0,0.1623377093,non-habitable
951,Kepler-770 b,0,0.2491732604,non-habitable
952,Kepler-770 c,0,0.1075119031,non-habitable
953,Kepler-770 d,0,0.141917171,non-habitable
954,Kepler-771 b,0,0.1469429956,non-habitable
955,Kepler-772 b,0,0.176445933,non-habitable
956,Kepler-773 b,0,0.1165510189,non-habitable
957,Kepler-775 b,0,0.1038813071,non-habitable
958,Kepler-776 b,0,0.1636264924,non-habitable
959,Kepler-777 b,0,0.2534953979,non-habitable
960,Kepler-778 b,0,0.14619106,non-habitable
961,Kepler-779 b,0,0.2318080388,non-habitable
962,Kepler-780 b,0,0.0620674328,non-habitable
963,Kepler-783 b,0,0.1435884148,non-habitable
964,Kepler-784 b,0,0.2429242859,non-habitable
965,Kepler-786 b,0,0.2192854454,non-habitable
966,Kepler-787 b,0,0.1138983055,non-habitable
967,Kepler-789 b,0,0.1516246791,non-habitable
968,Kepler-790 b,0,0.2433128676,non-habitable
969,Kepler-792 b,0,0.1591391349,non-habitable
970,Kepler-793 b,0,0.1099621285,non-habitable
971,Kepler-794 b,0,0.1482127908,non-habitable
972,Kepler-795 b,0,0.2439688675,non-habitable
973,Kepler-796 b,0,0.1459030036,non-habitable
974,Kepler-797 b,0,0.2398111728,non-habitable
975,Kepler-798 b,0,0.1537283894,non-habitable
976,Kepler-801 b,0,0.2221714081,non-habitable
977,Kepler-804 b,0,0.1901255938,non-habitable
978,Kepler-804 c,0,0.161678284,non-habitable
979,Kepler-806 b,0,0.1476675671,non-habitable
980,Kepler-808 b,0,0.1067981174,non-habitable
981,Kepler-810 b,0,0.1102325173,non-habitable
982,Kepler-813 b,0,0.2325223109,non-habitable
983,Kepler-814 b,0,0.111593131,non-habitable
984,Kepler-821 b,0,0.1134504401,non-habitable
985,Kepler-822 b,0,0.1128409371,non-habitable
986,Kepler-823 b,0,0.1464658454,non-habitable
987,Kepler-824 b,0,0.1133780315,non-habitable
988,Kepler-825 b,0,0.1132880545,non-habitable
989,Kepler-825 c,0,0.1497812969,non-habitable
990,Kepler-826 b,0,0.1130656965,non-habitable
991,Kepler-828 b,0,0.1011366179,non-habitable
992,Kepler-829 b,0,0.1534598435,non-habitable
993,Kepler-830 b,0,0.1621241349,non-habitable
994,Kepler-831 b,0,0.1501154403,non-habitable
995,Kepler-832 b,0,0.1620847889,non-habitable
996,Kepler-833 b,0,0.2309891143,non-habitable
997,Kepler-834 b,0,0.2153556076,non-habitable
998,Kepler-842 b,0,0.112197245,non-habitable
999,Kepler-844 b,0,0.2039763266,non-habitable
1000,Kepler-845 b,0,0.1083485941,non-habitable
1001,Kepler-846 b,0,0.2308385909,non-habitable
1002,Kepler-847 b,0,0.1488630624,non-habitable
1003,Kepler-848 b,0,0.149792606,non-habitable
1004,Kepler-850 b,0,0.1514376559,non-habitable
1005,Kepler-851 b,0,0.2011505789,non-habitable
1006,Kepler-853 b,0,0.111582903,non-habitable
1007,Kepler-861 b,0,0.1576279549,non-habitable
1008,Kepler-862 b,0,0.1490065523,non-habitable
1009,Kepler-864 b,0,0.1514175616,non-habitable
1010,Kepler-865 b,0,0.2151314503,non-habitable
1011,Kepler-866 b,0,0.154394534,non-habitable
1012,Kepler-868 b,0,0.1521081256,non-habitable
1013,Kepler-872 b,0,0.1087169195,non-habitable
1014,Kepler-876 b,0,0.1918054135,non-habitable
1015,Kepler-877 b,0,0.2245246721,non-habitable
1016,Kepler-878 b,0,0.2411101159,non-habitable
1017,Kepler-881 b,0,0.1099671336,non-habitable
1018,Kepler-882 b,0,0.152112919,non-habitable
1019,Kepler-883 b,0,0.19032319,non-habitable
1020,Kepler-884 b,0,0.1546976613,non-habitable
1021,Kepler-885 b,0,0.1917136905,non-habitable
1022,Kepler-886 b,0,0.1500824364,non-habitable
1023,Kepler-887 b,0,0.2046054466,non-habitable
1024,Kepler-887 c,0,0.1506761673,non-habitable
1025,Kepler-888 b,0,0.2403116318,non-habitable
1026,Kepler-889 b,0,0.109736227,non-habitable
1027,Kepler-895 b,0,0.2012048033,non-habitable
1028,Kepler-897 b,0,0.1589122754,non-habitable
1029,Kepler-898 b,0,0.2243787411,non-habitable
1030,Kepler-900 b,0,0.2151069774,non-habitable
1031,Kepler-901 b,0,0.2156741455,non-habitable
1032,Kepler-903 b,0,0.2003962491,non-habitable
1033,Kepler-904 b,0,0.1066631805,non-habitable
1034,Kepler-905 b,0,0.1604838904,non-habitable
1035,Kepler-906 b,0,0.2235371981,non-habitable
1036,Kepler-907 b,0,0.1887002664,non-habitable
1037,Kepler-908 b,0,0.1005418524,non-habitable
1038,Kepler-909 b,0,0.1915755598,non-habitable
1039,Kepler-910 b,0,0.1016596003,non-habitable
1040,Kepler-913 b,0,0.2505949633,non-habitable
1041,Kepler-914 b,0,0.1504784845,non-habitable
1042,Kepler-915 b,0,0.108711487,non-habitable
1043,Kepler-916 b,0,0.239757076,non-habitable
1044,Kepler-917 b,0,0.1530500699,non-habitable
1045,Kepler-918 b,0,0.1508711319,non-habitable
1046,Kepler-919 b,0,0.1847581849,non-habitable
1047,Kepler-920 b,0,0.1946416951,non-habitable
1048,Kepler-922 b,0,0.100183588,non-habitable
1049,Kepler-923 b,0,0.1531930899,non-habitable
1050,Kepler-925 b,0,0.2400428908,non-habitable
1051,Kepler-926 b,0,0.2587659271,non-habitable
1052,Kepler-927 b,0,0.1960980845,non-habitable
1053,Kepler-928 b,0,0.2031657173,non-habitable
1054,Kepler-929 b,0,0.0794978419,non-habitable
1055,Kepler-930 b,0,0.2478597164,non-habitable
1056,Kepler-931 b,0,0.2180211119,non-habitable
1057,Kepler-932 b,0,0.1083138475,non-habitable
1058,Kepler-933 b,0,0.2220763111,non-habitable
1059,Kepler-934 b,0,0.2377364373,non-habitable
1060,Kepler-935 b,0,0.2110122123,non-habitable
1061,Kepler-936 b,0,0.2203313366,non-habitable
1062,Kepler-938 b,0,0.2370101353,non-habitable
1063,Kepler-939 b,0,0.2226853103,non-habitable
1064,Kepler-942 b,0,0.2392642206,non-habitable
1065,Kepler-946 b,0,0.2178198819,non-habitable
1066,Kepler-947 b,0,0.2491700265,non-habitable
1067,Kepler-948 b,0,0.1971695178,non-habitable
1068,Kepler-953 c,0,0.2094130328,non-habitable
1069,Kepler-954 b,0,0.2500848001,non-habitable
1070,Kepler-958 b,0,0.2209493981,non-habitable
1071,Kepler-960 b,0,0.1939654328,non-habitable
1072,Kepler-962 b,0,0.2196557578,non-habitable
1073,Kepler-964 b,0,0.2232423171,non-habitable
1074,Kepler-967 b,0,0.2248231553,non-habitable
1075,Kepler-968 b,0,0.2094280784,non-habitable
1076,Kepler-968 c,0,0.220378837,non-habitable
1077,Kepler-969 b,0,0.2771245193,non-habitable
1078,Kepler-969 c,0,0.1073517528,non-habitable
1079,Kepler-971 b,0,0.2219351305,non-habitable
1080,Kepler-973 b,0,0.2423739009,non-habitable
1081,Kepler-974 b,0,0.2526489968,non-habitable
1082,Kepler-975 b,0,0.1556185388,non-habitable
1083,Kepler-981 b,0,0.1838069463,non-habitable
1084,Kepler-982 b,0,0.2058958729,non-habitable
1085,Kepler-983 b,0,0.2822693961,non-habitable
1086,Kepler-984 b,0,0.2815957216,non-habitable
1087,Kepler-986 b,0,0.279077307,non-habitable
1088,Kepler-988 b,0,0.2130290756,non-habitable
1089,Kepler-989 b,0,0.2285112584,non-habitable
1090,Kepler-990 c,0,0.0616928684,non-habitable
1091,Kepler-992 b,0,0.293023831,non-habitable
1092,Kepler-994 b,0,0.1959319013,non-habitable
1093,Kepler-996 b,0,0.1324975041,non-habitable
1094,Kepler-997 b,0,0.1013559053,non-habitable
1095,Kepler-998 b,0,0.1339874855,non-habitable
1096,Kepler-999 b,0,0.1322493335,non-habitable
1097,Kepler-1002 b,0,0.1055066971,non-habitable
1098,Kepler-1003 b,0,0.1324126235,non-habitable
1099,Kepler-1005 b,0,0.193011813,non-habitable
1100,Kepler-1006 b,0,0.2551061779,non-habitable
1101,Kepler-1007 b,0,0.2325151156,non-habitable
1102,Kepler-1008 b,0,0.2313501931,non-habitable
1103,Kepler-1009 b,0,0.282805384,non-habitable
1104,Kepler-1010 b,0,0.2839214384,non-habitable
1105,Kepler-1012 b,0,0.2009391466,non-habitable
1106,Kepler-1013 b,0,0.2976681639,non-habitable
1107,Kepler-1014 b,0,0.232626108,non-habitable
1108,Kepler-1016 b,0,0.1048522289,non-habitable
1109,Kepler-1017 b,0,0.2168960624,non-habitable
1110,Kepler-1019 b,0,0.1907522853,non-habitable
1111,Kepler-1020 b,0,0.2183430169,non-habitable
1112,Kepler-1021 b,0,0.2319543181,non-habitable
1113,Kepler-1022 b,0,0.2587407851,non-habitable
1114,Kepler-1025 b,0,0.2350657494,non-habitable
1115,Kepler-1026 b,0,0.2810904136,non-habitable
1116,Kepler-1027 b,0,0.1351408926,non-habitable
1117,Kepler-1028 b,0,0.1361092991,non-habitable
1118,Kepler-1029 b,0,0.2159544899,non-habitable
1119,Kepler-1030 b,0,0.300977294,non-habitable
1120,Kepler-1031 b,0,0.095904653,non-habitable
1121,Kepler-1032 b,0,0.2174612213,non-habitable
1122,Kepler-1034 b,0,0.2371406608,non-habitable
1123,Kepler-1035 b,0,0.1355897,non-habitable
1124,Kepler-1037 b,0,0.133457563,non-habitable
1125,Kepler-1039 b,0,0.1339498404,non-habitable
1126,Kepler-1040 b,0,0.2212353941,non-habitable
1127,Kepler-1042 b,0,0.2402197738,non-habitable
1128,Kepler-1046 b,0,0.2367281131,non-habitable
1129,Kepler-1047 b,0,0.292721121,non-habitable
1130,Kepler-1047 c,0,0.1363124099,non-habitable
1131,Kepler-1048 b,0,0.24068851,non-habitable
1132,Kepler-1049 b,0,0.2425433661,non-habitable
1133,Kepler-1050 b,0,0.2352033555,non-habitable
1134,Kepler-1050 c,0,0.2390410053,non-habitable
1135,Kepler-1053 b,0,0.2146159398,non-habitable
1136,Kepler-1055 b,0,0.1361919936,non-habitable
1137,Kepler-1059 b,0,0.2209794286,non-habitable
1138,Kepler-1060 b,0,0.3044469894,non-habitable
1139,Kepler-1061 b,0,0.1352708459,non-habitable
1140,Kepler-1062 b,0,0.2462300338,non-habitable
1141,Kepler-1063 b,0,0.2356226279,non-habitable
1142,Kepler-1064 b,0,0.2717538916,non-habitable
1143,Kepler-1065 c,0,0.1375361848,non-habitable
1144,Kepler-1066 b,0,0.1347229426,non-habitable
1145,Kepler-1067 b,0,0.0938734133,non-habitable
1146,Kepler-1069 b,0,0.2496804866,non-habitable
1147,Kepler-1070 b,0,0.1410328876,non-habitable
1148,Kepler-1071 b,0,0.2350516189,non-habitable
1149,Kepler-1072 b,0,0.0934275711,non-habitable
1150,Kepler-1073 b,0,0.2246477694,non-habitable
1151,Kepler-1073 c,0,0.1960153221,non-habitable
1152,Kepler-1074 b,0,0.3216141295,non-habitable
1153,Kepler-1075 b,0,0.2297053975,non-habitable
1154,Kepler-1076 b,0,0.2552084195,non-habitable
1155,Kepler-1078 b,0,0.1425623291,non-habitable
1156,Kepler-1079 b,0,0.2295748868,non-habitable
1157,Kepler-1081 b,0,0.2119049489,non-habitable
1158,Kepler-1082 b,0,0.1261624574,non-habitable
1159,Kepler-1084 b,0,0.1275378256,non-habitable
1160,Kepler-1086 b,0,0.297960416,non-habitable
1161,Kepler-1087 b,0,0.091359285,non-habitable
1162,Kepler-1088 b,0,0.2582565328,non-habitable
1163,Kepler-1089 b,0,0.3150166615,non-habitable
1164,Kepler-1090 b,0,0.2272961284,mesoplanet
1165,Kepler-1091 b,0,0.1284174648,non-habitable
1166,Kepler-1092 b,0,0.3022645148,non-habitable
1167,Kepler-1093 b,0,0.258164534,non-habitable
1168,Kepler-1093 c,0,0.3014049778,non-habitable
1169,Kepler-1095 b,0,0.207876243,non-habitable
1170,Kepler-1096 b,0,0.2518299934,non-habitable
1171,Kepler-1098 b,0,0.1400121033,non-habitable
1172,Kepler-1100 b,0,0.1456878218,non-habitable
1173,Kepler-1101 b,0,0.2927577749,non-habitable
1174,Kepler-1103 b,0,0.2642940158,non-habitable
1175,Kepler-1104 b,0,0.1402880011,non-habitable
1176,Kepler-1105 b,0,0.2710753634,non-habitable
1177,Kepler-1106 b,0,0.118011626,non-habitable
1178,Kepler-1107 b,0,0.11955764,non-habitable
1179,Kepler-1108 b,0,0.2252015208,non-habitable
1180,Kepler-1109 b,0,0.3323637844,non-habitable
1181,Kepler-1111 b,0,0.2224939795,non-habitable
1182,Kepler-1114 b,0,0.2742065945,non-habitable
1183,Kepler-1115 b,0,0.204701775,non-habitable
1184,Kepler-1117 b,0,0.2186833849,non-habitable
1185,Kepler-1119 b,0,0.2198229733,non-habitable
1186,Kepler-1120 b,0,0.2264091759,non-habitable
1187,Kepler-1121 b,0,0.2205290383,non-habitable
1188,Kepler-1122 b,0,0.311204573,non-habitable
1189,Kepler-1123 b,0,0.2192919765,non-habitable
1190,Kepler-1124 b,0,0.3362494963,non-habitable
1191,Kepler-1125 b,0,0.2891118715,non-habitable
1192,Kepler-1126 b,0,0.2437698673,non-habitable
1193,Kepler-1127 b,0,0.2210764864,non-habitable
1194,Kepler-1130 b,0,0.2473747916,non-habitable
1195,Kepler-1131 b,0,0.1476380325,non-habitable
1196,Kepler-1132 b,0,0.2492138188,non-habitable
1197,Kepler-1133 b,0,0.2807687603,non-habitable
1198,Kepler-1135 b,0,0.3025904061,non-habitable
1199,Kepler-1136 b,0,0.2369261603,non-habitable
1200,Kepler-1137 b,0,0.2331816258,non-habitable
1201,Kepler-1138 b,0,0.2067269273,non-habitable
1202,Kepler-1139 b,0,0.1206038636,non-habitable
1203,Kepler-1141 b,0,0.1416582904,non-habitable
1204,Kepler-1142 b,0,0.2987529879,non-habitable
1205,Kepler-1143 b,0,0.2229522219,non-habitable
1206,Kepler-1144 b,0,0.2967576784,non-habitable
1207,Kepler-1145 b,0,0.2454298371,non-habitable
1208,Kepler-1146 b,0,0.2312326548,non-habitable
1209,Kepler-1148 b,0,0.1424208901,non-habitable
1210,Kepler-1149 b,0,0.206445074,non-habitable
1211,Kepler-1150 b,0,0.2394425114,non-habitable
1212,Kepler-1151 b,0,0.2609355503,non-habitable
1213,Kepler-1152 b,0,0.2650406353,non-habitable
1214,Kepler-1153 b,0,0.1440098433,non-habitable
1215,Kepler-1154 b,0,0.1453372895,non-habitable
1216,Kepler-1154 c,0,0.212906591,non-habitable
1217,Kepler-1155 b,0,0.302660362,non-habitable
1218,Kepler-1156 b,0,0.2824488004,non-habitable
1219,Kepler-1157 b,0,0.2860201708,non-habitable
1220,Kepler-1158 b,0,0.2161814514,non-habitable
1221,Kepler-1159 b,0,0.2911730503,non-habitable
1222,Kepler-1160 b,0,0.2717069379,non-habitable
1223,Kepler-1161 b,0,0.3461259895,non-habitable
1224,Kepler-1162 b,0,0.3491296043,non-habitable
1225,Kepler-1163 b,0,0.1541814305,non-habitable
1226,Kepler-1164 b,0,0.2450687991,non-habitable
1227,Kepler-1165 b,0,0.2390024089,non-habitable
1228,Kepler-1166 b,0,0.326118811,non-habitable
1229,Kepler-1167 b,0,0.1430423186,non-habitable
1230,Kepler-1168 b,0,0.3339529561,non-habitable
1231,Kepler-1169 b,0,0.2132154233,non-habitable
1232,Kepler-1170 b,0,0.3153010454,non-habitable
1233,Kepler-1173 b,0,0.1264418418,non-habitable
1234,Kepler-1174 b,0,0.2340329416,non-habitable
1235,Kepler-1176 b,0,0.3177605846,non-habitable
1236,Kepler-1177 b,0,0.318377558,non-habitable
1237,Kepler-1178 b,0,0.3199613764,non-habitable
1238,Kepler-1179 b,0,0.1774928288,non-habitable
1239,Kepler-1180 b,0,0.2961583804,non-habitable
1240,Kepler-1181 b,0,0.152348761,non-habitable
1241,Kepler-1182 b,0,0.274102338,non-habitable
1242,Kepler-1185 b,0,0.3156874686,non-habitable
1243,Kepler-1186 b,0,0.321014409,non-habitable
1244,Kepler-1188 b,0,0.3114450426,non-habitable
1245,Kepler-1189 b,0,0.1520945748,non-habitable
1246,Kepler-1190 b,0,0.3221596879,non-habitable
1247,Kepler-1191 b,0,0.2260332969,non-habitable
1248,Kepler-1192 b,0,0.3096726163,non-habitable
1249,Kepler-1193 b,0,0.1429674909,non-habitable
1250,Kepler-1194 b,0,0.3193480116,non-habitable
1251,Kepler-1195 b,0,0.3188218009,non-habitable
1252,Kepler-1196 b,0,0.2851631179,non-habitable
1253,Kepler-1197 b,0,0.1908551871,non-habitable
1254,Kepler-1198 b,0,0.2440193929,non-habitable
1255,Kepler-1199 b,0,0.2528697414,non-habitable
1256,Kepler-1200 b,0,0.1673326265,non-habitable
1257,Kepler-1201 b,0,0.2373316219,non-habitable
1258,Kepler-1203 b,0,0.151224062,non-habitable
1259,Kepler-1205 b,0,0.1386597089,non-habitable
1260,Kepler-1206 b,0,0.1663349424,non-habitable
1261,Kepler-1207 b,0,0.2677831381,non-habitable
1262,Kepler-1208 b,0,0.3187902408,non-habitable
1263,Kepler-1209 b,0,0.2874810858,non-habitable
1264,Kepler-1210 b,0,0.2504972045,non-habitable
1265,Kepler-1212 b,0,0.240527303,non-habitable
1266,Kepler-1213 b,0,0.1736661755,non-habitable
1267,Kepler-1214 b,0,0.3227081028,non-habitable
1268,Kepler-1215 b,0,0.1983297315,non-habitable
1269,Kepler-1216 b,0,0.1833924754,non-habitable
1270,Kepler-1217 b,0,0.1363459533,non-habitable
1271,Kepler-1218 b,0,0.3255668681,non-habitable
1272,Kepler-1219 b,0,0.2029675499,non-habitable
1273,Kepler-1220 b,0,0.2135178143,non-habitable
1274,Kepler-1221 b,0,0.3314230684,non-habitable
1275,Kepler-1222 b,0,0.1707211494,non-habitable
1276,Kepler-1223 b,0,0.3170237693,non-habitable
1277,Kepler-1224 b,0,0.2349961801,non-habitable
1278,Kepler-1225 b,0,0.187417051,non-habitable
1279,Kepler-1226 b,0,0.3210234024,non-habitable
1280,Kepler-1227 b,0,0.2937821168,non-habitable
1281,Kepler-1228 b,0,0.1202086105,non-habitable
1282,Kepler-1229 b,0,0.2510205921,psychroplanet
1283,Kepler-1231 b,0,0.2561215173,non-habitable
1284,Kepler-1232 b,0,0.3272822599,non-habitable
1285,Kepler-1235 b,0,0.185507678,non-habitable
1286,Kepler-1236 b,0,0.3039476916,non-habitable
1287,Kepler-1238 b,0,0.1387553106,non-habitable
1288,Kepler-1240 b,0,0.185332121,non-habitable
1289,Kepler-1242 b,0,0.327731412,non-habitable
1290,Kepler-1243 b,0,0.3458413853,non-habitable
1291,Kepler-1244 b,0,0.1210052876,non-habitable
1292,Kepler-1245 b,0,0.2065751358,non-habitable
1293,Kepler-1245 c,0,0.1750679374,non-habitable
1294,Kepler-1246 b,0,0.3365807291,non-habitable
1295,Kepler-1247 b,0,0.3533908519,non-habitable
1296,Kepler-1248 b,0,0.1822041655,non-habitable
1297,Kepler-1249 b,0,0.3198212389,non-habitable
1298,Kepler-1250 b,0,0.1657508619,non-habitable
1299,Kepler-1251 b,0,0.2861884595,non-habitable
1300,Kepler-1252 b,0,0.2998287129,non-habitable
1301,Kepler-1253 b,0,0.2856419265,non-habitable
1302,Kepler-1254 b,0,0.36273371,non-habitable
1303,Kepler-1254 c,0,0.2122709925,non-habitable
1304,Kepler-1254 d,0,0.2991176686,non-habitable
1305,Kepler-1255 b,0,0.3520970413,non-habitable
1306,Kepler-1256 b,0,0.2027710325,non-habitable
1307,Kepler-1257 b,0,0.1631100788,non-habitable
1308,Kepler-1258 b,0,0.1088580449,non-habitable
1309,Kepler-1259 b,0,0.1077058469,non-habitable
1310,Kepler-1260 b,0,0.3450394323,non-habitable
1311,Kepler-1261 b,0,0.2925857014,non-habitable
1312,Kepler-1262 b,0,0.2494653381,non-habitable
1313,Kepler-1263 b,0,0.2382000345,non-habitable
1314,Kepler-1264 b,0,0.095966921,non-habitable
1315,Kepler-1265 b,0,0.3712943808,non-habitable
1316,Kepler-1268 b,0,0.3308456623,non-habitable
1317,Kepler-1269 b,0,0.3593967209,non-habitable
1318,Kepler-1271 b,0,0.1372563515,non-habitable
1319,Kepler-1272 b,0,0.3237976535,non-habitable
1320,Kepler-1273 b,0,0.3304218381,non-habitable
1321,Kepler-1274 b,0,0.1415327745,non-habitable
1322,Kepler-1275 b,0,0.13755829,non-habitable
1323,Kepler-1276 b,0,0.2410702364,non-habitable
1324,Kepler-1277 b,0,0.3040552269,non-habitable
1325,Kepler-1278 b,0,0.1436966975,non-habitable
1326,Kepler-1279 b,0,0.3217949808,non-habitable
1327,Kepler-1280 b,0,0.3360563098,non-habitable
1328,Kepler-1281 b,0,0.179258915,non-habitable
1329,Kepler-1282 b,0,0.1439039061,non-habitable
1330,Kepler-1283 b,0,0.2361337576,non-habitable
1331,Kepler-1284 b,0,0.1146246244,non-habitable
1332,Kepler-1285 b,0,0.2571392363,non-habitable
1333,Kepler-1286 b,0,0.2906978779,non-habitable
1334,Kepler-1287 b,0,0.313219065,non-habitable
1335,Kepler-1288 b,0,0.1312237145,non-habitable
1336,Kepler-1289 b,0,0.1854046734,non-habitable
1337,Kepler-1290 b,0,0.1821141835,non-habitable
1338,Kepler-1291 b,0,0.34938455,non-habitable
1339,Kepler-1292 b,0,0.1686564629,non-habitable
1340,Kepler-1293 b,0,0.1610238001,non-habitable
1341,Kepler-1295 b,0,0.1770776254,non-habitable
1342,Kepler-1296 b,0,0.3249723263,non-habitable
1343,Kepler-1297 b,0,0.1292005549,non-habitable
1344,Kepler-1298 b,0,0.1350835808,non-habitable
1345,Kepler-1300 b,0,0.2462366856,non-habitable
1346,Kepler-1301 b,0,0.3666055629,non-habitable
1347,Kepler-1302 b,0,0.3506106443,non-habitable
1348,Kepler-1303 b,0,0.2270141063,non-habitable
1349,Kepler-1304 b,0,0.3921958864,non-habitable
1350,Kepler-1305 b,0,0.3447336838,non-habitable
1351,Kepler-1306 b,0,0.381492344,non-habitable
1352,Kepler-1307 b,0,0.3495388651,non-habitable
1353,Kepler-1308 b,0,0.3560922339,non-habitable
1354,Kepler-1309 b,0,0.303833508,non-habitable
1355,Kepler-1310 b,0,0.0891921309,non-habitable
1356,Kepler-1311 b,0,0.2175406118,non-habitable
1357,Kepler-1311 c,0,0.1257086628,non-habitable
1358,Kepler-1312 b,0,0.2060879186,non-habitable
1359,Kepler-1313 b,0,0.198341926,non-habitable
1360,Kepler-1315 b,0,0.1271099944,non-habitable
1361,Kepler-1317 b,0,0.1012304605,non-habitable
1362,Kepler-1319 A b,0.33,0.4125,non-habitable
1363,Kepler-1319 b,0,0.4124704691,non-habitable
1364,Kepler-1320 b,0,0.1299583641,non-habitable
1365,Kepler-1321 c,0,0.2844679668,non-habitable
1366,Kepler-1322 b,0,0.1133071529,non-habitable
1367,Kepler-1323 b,0,0.0836893939,non-habitable
1368,Kepler-1324 b,0,0.26316301,non-habitable
1369,Kepler-1327 b,0,0.320101744,non-habitable
1370,Kepler-1328 b,0,0.1871194666,non-habitable
1371,Kepler-1329 b,0,0.3760945588,non-habitable
1372,Kepler-1330 b,0,0.289341657,non-habitable
1373,Kepler-1331 b,0,0.137163277,non-habitable
1374,Kepler-1332 b,0,0.3485370474,non-habitable
1375,Kepler-1334 b,0,0.3899620415,non-habitable
1376,Kepler-1335 b,0,0.3298940513,non-habitable
1377,Kepler-1336 b,0,0.3758664085,non-habitable
1378,Kepler-1336 c,0,0.1828532865,non-habitable
1379,Kepler-1337 b,0,0.2669714481,non-habitable
1380,Kepler-1338 b,0,0.0844485266,non-habitable
1381,Kepler-1339 b,0,0.1171598806,non-habitable
1382,Kepler-1340 b,0,0.0646491546,non-habitable
1383,Kepler-1342 b,0,0.1478728913,non-habitable
1384,Kepler-1343 b,0,0.1575249755,non-habitable
1385,Kepler-1344 b,0,0.1580483249,non-habitable
1386,Kepler-1345 b,0,0.378788836,non-habitable
1387,Kepler-1346 b,0,0.1324517921,non-habitable
1388,Kepler-1347 b,0,0.37971941,non-habitable
1389,Kepler-1348 b,0,0.3862770633,non-habitable
1390,Kepler-1349 b,0,0.1059690154,non-habitable
1391,Kepler-1350 c,0,0.272169675,non-habitable
1392,Kepler-1351 b,0,0.1516542615,non-habitable
1393,Kepler-1352 b,0,0.1043563444,non-habitable
1394,Kepler-1353 b,0,0.2689528239,non-habitable
1395,Kepler-1355 b,0,0.1263304101,non-habitable
1396,Kepler-1356 b,0,0.1041765014,non-habitable
1397,Kepler-1357 b,0,0.1760652799,non-habitable
1398,Kepler-1358 b,0,0.2881736118,non-habitable
1399,Kepler-1361 b,0,0.2021444694,non-habitable
1400,Kepler-1363 b,0,0.2060608011,non-habitable
1401,Kepler-1364 b,0,0.1785469466,non-habitable
1402,Kepler-1365 b,0,0.2070159926,non-habitable
1403,Kepler-1365 c,0,0.1817578164,non-habitable
1404,Kepler-1366 b,0,0.2460289306,non-habitable
1405,Kepler-1367 b,0,0.2086043761,non-habitable
1406,Kepler-1368 b,0,0.0772138645,non-habitable
1407,Kepler-1370 b,0,0.2657395084,non-habitable
1408,Kepler-1370 c,0,0.1804234709,non-habitable
1409,Kepler-1371 b,0,0.1874991651,non-habitable
1410,Kepler-1371 c,0,0.1497922036,non-habitable
1411,Kepler-1372 b,0,0.1067704985,non-habitable
1412,Kepler-1373 b,0,0.075957754,non-habitable
1413,Kepler-1374 b,0,0.3192327414,non-habitable
1414,Kepler-1375 b,0,0.089503337,non-habitable
1415,Kepler-1376 b,0,0.1896104064,non-habitable
1416,Kepler-1377 b,0,0.0979010129,non-habitable
1417,Kepler-1378 b,0,0.2510378815,non-habitable
1418,Kepler-1379 b,0,0.111858702,non-habitable
1419,Kepler-1380 b,0,0.2587467324,non-habitable
1420,Kepler-1381 b,0,0.309420438,non-habitable
1421,Kepler-1382 b,0,0.1953261879,non-habitable
1422,Kepler-1383 b,0,0.1940049393,non-habitable
1423,Kepler-1384 b,0,0.2663629543,non-habitable
1424,Kepler-1385 b,0,0.1337112105,non-habitable
1425,Kepler-1386 b,0,0.1927061881,non-habitable
1426,Kepler-1387 b,0,0.1782405916,non-habitable
1427,Kepler-1388 c,0,0.3012847811,non-habitable
1428,Kepler-1388 e,0,0.2628777005,non-habitable
1429,Kepler-1389 b,0,0.2458593256,non-habitable
1430,Kepler-1390 b,0,0.1913566204,non-habitable
1431,Kepler-1391 b,0,0.2164328966,non-habitable
1432,Kepler-1392 b,0,0.2984634034,non-habitable
1433,Kepler-1393 b,0,0.1433948024,non-habitable
1434,Kepler-1394 b,0,0.0757000714,non-habitable
1435,Kepler-1395 b,0,0.1387700616,non-habitable
1436,Kepler-1396 b,0,0.2245919525,non-habitable
1437,Kepler-1397 b,0,0.2327583923,non-habitable
1438,Kepler-1398 b,0,0.1269884258,non-habitable
1439,Kepler-1398 c,0,0.1431969928,non-habitable
1440,Kepler-1399 b,0,0.1205341553,non-habitable
1441,Kepler-1400 b,0,0.2712123878,non-habitable
1442,Kepler-1401 b,0,0.2034196591,non-habitable
1443,Kepler-1402 b,0,0.1432154629,non-habitable
1444,Kepler-1403 b,0,0.1706776011,non-habitable
1445,Kepler-1404 b,0,0.2540327945,non-habitable
1446,Kepler-1406 b,0,0.2053213415,non-habitable
1447,Kepler-1407 b,0,0.2418727976,non-habitable
1448,Kepler-1408 b,0,0.1194818769,non-habitable
1449,Kepler-1409 b,0,0.1006881358,non-habitable
1450,Kepler-1410 b,0,0.2102532496,mesoplanet
1451,Kepler-1412 b,0,0.1365228511,non-habitable
1452,Kepler-1413 b,0,0.2479832173,non-habitable
1453,Kepler-1414 b,0,0.1886182209,non-habitable
1454,Kepler-1415 b,0,0.07860333,non-habitable
1455,Kepler-1416 b,0,0.0845694605,non-habitable
1456,Kepler-1417 b,0,0.2419133858,non-habitable
1457,Kepler-1418 b,0,0.2334684725,non-habitable
1458,Kepler-1420 b,0,0.2112722285,non-habitable
1459,Kepler-1421 b,0,0.1559630488,non-habitable
1460,Kepler-1422 b,0,0.206555689,non-habitable
1461,Kepler-1423 b,0,0.2311743351,non-habitable
1462,Kepler-1424 b,0,0.2181832636,non-habitable
1463,Kepler-1425 b,0,0.2233473943,non-habitable
1464,Kepler-1426 b,0,0.2118712324,non-habitable
1465,Kepler-1427 b,0,0.0712563203,non-habitable
1466,Kepler-1428 b,0,0.1759163303,non-habitable
1467,Kepler-1429 b,0,0.1678746883,non-habitable
1468,Kepler-1430 b,0,0.1755811108,non-habitable
1469,Kepler-1431 b,0,0.172986541,non-habitable
1470,Kepler-1432 b,0,0.213346052,non-habitable
1471,Kepler-1433 b,0,0.1481332124,non-habitable
1472,Kepler-1434 b,0,0.1445080045,non-habitable
1473,Kepler-1435 b,0,0.1336039816,non-habitable
1474,Kepler-1436 b,0,0.179809456,non-habitable
1475,Kepler-1437 b,0,0.1994473358,non-habitable
1476,Kepler-1438 b,0,0.1467642145,non-habitable
1477,Kepler-1439 b,0,0.2259174995,non-habitable
1478,Kepler-1440 b,0,0.1715856616,non-habitable
1479,Kepler-1441 b,0,0.1742627815,non-habitable
1480,Kepler-1443 b,0,0.1024796991,non-habitable
1481,Kepler-1444 b,0,0.182513674,non-habitable
1482,Kepler-1445 b,0,0.1725938676,non-habitable
1483,Kepler-1446 b,0,0.1108722351,non-habitable
1484,Kepler-1448 b,0,0.1877145013,non-habitable
1485,Kepler-1449 b,0,0.1812665873,non-habitable
1486,Kepler-1450 b,0,0.2400435284,non-habitable
1487,Kepler-1454 b,0,0.2193314936,non-habitable
1488,Kepler-1455 b,0,0.2285575343,non-habitable
1489,Kepler-1456 b,0,0.1977987448,non-habitable
1490,Kepler-1457 b,0,0.1617346155,non-habitable
1491,Kepler-1459 b,0,0.2429147815,non-habitable
1492,Kepler-1460 b,0,0.206678775,non-habitable
1493,Kepler-1461 b,0,0.2162604149,non-habitable
1494,Kepler-1463 b,0,0.169403073,non-habitable
1495,Kepler-1464 b,0,0.1655625771,non-habitable
1496,Kepler-1464 c,0,0.1655753788,non-habitable
1497,Kepler-1465 b,0,0.199845121,non-habitable
1498,Kepler-1466 b,0,0.1638729181,non-habitable
1499,Kepler-1468 b,0,0.1675525706,non-habitable
1500,Kepler-1468 c,0,0.1482251415,non-habitable
1501,Kepler-1470 b,0,0.1569982201,non-habitable
1502,Kepler-1471 b,0,0.163071958,non-habitable
1503,Kepler-1472 b,0,0.162697879,non-habitable
1504,Kepler-1473 b,0,0.1683962013,non-habitable
1505,Kepler-1474 b,0,0.1551020308,non-habitable
1506,Kepler-1476 b,0,0.1669035215,non-habitable
1507,Kepler-1477 b,0,0.1595834651,non-habitable
1508,Kepler-1478 b,0,0.1583593824,non-habitable
1509,Kepler-1479 b,0,0.1637756744,non-habitable
1510,Kepler-1480 b,0,0.149863313,non-habitable
1511,Kepler-1481 b,0,0.1626501394,non-habitable
1512,Kepler-1482 b,0,0.1573977771,non-habitable
1513,Kepler-1483 b,0,0.161664759,non-habitable
1514,Kepler-1484 b,0,0.147705759,non-habitable
1515,Kepler-1485 b,0,0.158113816,non-habitable
1516,Kepler-1486 b,0,0.1463867131,non-habitable
1517,Kepler-1487 b,0,0.1426033628,non-habitable
1518,Kepler-1488 b,0,0.1466453463,non-habitable
1519,Kepler-1489 b,0,0.2076115804,non-habitable
1520,Kepler-1491 b,0,0.151748759,non-habitable
1521,Kepler-1492 b,0,0.1443105384,non-habitable
1522,Kepler-1493 b,0,0.1577179021,non-habitable
1523,Kepler-1496 b,0,0.1420903026,non-habitable
1524,Kepler-1497 b,0,0.1571033488,non-habitable
1525,Kepler-1498 b,0,0.2016813651,non-habitable
1526,Kepler-1499 b,0,0.203785575,non-habitable
1527,Kepler-1500 b,0,0.1492546666,non-habitable
1528,Kepler-1501 b,0,0.156431247,non-habitable
1529,Kepler-1503 b,0,0.238241777,non-habitable
1530,Kepler-1504 b,0,0.2171522904,non-habitable
1531,Kepler-1505 b,0,0.115101316,non-habitable
1532,Kepler-1506 b,0,0.1437258553,non-habitable
1533,Kepler-1507 b,0,0.1357923168,non-habitable
1534,Kepler-1508 b,0,0.146222398,non-habitable
1535,Kepler-1509 b,0,0.1341804221,non-habitable
1536,Kepler-1511 b,0,0.1432879436,non-habitable
1537,Kepler-1512 b,0,0.1944549744,non-habitable
1538,Kepler-1516 b,0,0.1557935276,non-habitable
1539,Kepler-1521 b,0,0.2040280974,non-habitable
1540,Kepler-1522 b,0,0.1281413305,non-habitable
1541,Kepler-1523 b,0,0.0601787124,non-habitable
1542,Kepler-1525 b,0,0.1354718329,non-habitable
1543,Kepler-1526 b,0,0.1460152213,non-habitable
1544,Kepler-1528 b,0,0.1058692304,non-habitable
1545,Kepler-1529 b,0,0.1465173026,non-habitable
1546,Kepler-1530 b,0,0.1450962476,non-habitable
1547,Kepler-1530 c,0,0.152007924,non-habitable
1548,Kepler-1531 b,0,0.0525321901,non-habitable
1549,Kepler-1532 b,0,0.091979194,non-habitable
1550,Kepler-1534 b,0,0.1496249659,non-habitable
1551,Kepler-1537 b,0,0.1401041608,non-habitable
1552,Kepler-1540 b,0,0.2265288551,mesoplanet
1553,Kepler-1541 b,0,0.1347627473,non-habitable
1554,Kepler-1542 b,0,0.1549708916,non-habitable
1555,Kepler-1542 c,0,0.1429487863,non-habitable
1556,Kepler-1542 d,0,0.1505281983,non-habitable
1557,Kepler-1542 e,0,0.1522558579,non-habitable
1558,Kepler-1544 b,0,0.2261914484,mesoplanet
1559,Kepler-1547 b,0,0.0672110864,non-habitable
1560,Kepler-1552 b,0,0.2342113424,mesoplanet
1561,Kepler-1553 b,0,0.1486417253,non-habitable
1562,Kepler-1555 b,0,0.1481409378,non-habitable
1563,Kepler-1556 b,0,0.140532986,non-habitable
1564,Kepler-1557 b,0,0.1366804771,non-habitable
1565,Kepler-1558 b,0,0.1482504663,non-habitable
1566,Kepler-1559 b,0,0.0999895959,non-habitable
1567,Kepler-1560 b,0,0.1396876155,non-habitable
1568,Kepler-1561 b,0,0.046524701,non-habitable
1569,Kepler-1563 b,0,0.1544735188,non-habitable
1570,Kepler-1564 b,0,0.1153392465,non-habitable
1571,Kepler-1565 b,0,0.1421793915,non-habitable
1572,Kepler-1566 b,0,0.0490507235,non-habitable
1573,Kepler-1568 b,0,0.123642438,non-habitable
1574,Kepler-1569 b,0,0.1390582859,non-habitable
1575,Kepler-1570 b,0,0.1064273819,non-habitable
1576,Kepler-1571 b,0,0.1143945749,non-habitable
1577,Kepler-1572 b,0,0.1466437296,non-habitable
1578,Kepler-1573 b,0,0.1351434656,non-habitable
1579,Kepler-1574 b,0,0.147518176,non-habitable
1580,Kepler-1575 b,0,0.138777313,non-habitable
1581,Kepler-1576 b,0,0.1463272843,non-habitable
1582,Kepler-1577 b,0,0.1217951924,non-habitable
1583,Kepler-1578 b,0,0.1217881006,non-habitable
1584,Kepler-1579 b,0,0.134172872,non-habitable
1585,Kepler-1580 b,0,0.1168858156,non-habitable
1586,Kepler-1581 b,0,0.1507465215,non-habitable
1587,Kepler-1582 b,0,0.2017175538,non-habitable
1588,Kepler-1583 b,0,0.128322834,non-habitable
1589,Kepler-1584 b,0,0.1332426191,non-habitable
1590,Kepler-1585 b,0,0.150047086,non-habitable
1591,Kepler-1586 b,0,0.1478525094,non-habitable
1592,Kepler-1587 b,0,0.1431498135,non-habitable
1593,Kepler-1588 b,0,0.1391696726,non-habitable
1594,Kepler-1589 b,0,0.0496946233,non-habitable
1595,Kepler-1590 b,0,0.146028201,non-habitable
1596,Kepler-1591 b,0,0.1450080238,non-habitable
1597,Kepler-1592 b,0,0.1095321473,non-habitable
1598,Kepler-1594 b,0,0.1217763371,non-habitable
1599,Kepler-1595 b,0,0.1374555876,non-habitable
1600,Kepler-1596 b,0,0.1782693853,non-habitable
1601,Kepler-1597 b,0,0.0929202873,non-habitable
1602,Kepler-1598 b,0,0.1509159654,non-habitable
1603,Kepler-1599 b,0,0.2417401765,non-habitable
1604,Kepler-1601 b,0,0.1137049183,non-habitable
1605,Kepler-1602 b,0,0.1433045495,non-habitable
1606,Kepler-1603 b,0,0.078810327,non-habitable
1607,Kepler-1604 b,0,0.088834695,non-habitable
1608,Kepler-1605 b,0,0.2721704229,non-habitable
1609,Kepler-1606 b,0,0.308319793,thermoplanet
1610,Kepler-1607 b,0,0.1307876835,non-habitable
1611,Kepler-1608 b,0,0.094950451,non-habitable
1612,Kepler-1609 b,0,0.1648337064,non-habitable
1613,Kepler-1610 b,0,0.1208376556,non-habitable
1614,Kepler-1611 b,0,0.1411234259,non-habitable
1615,Kepler-1612 b,0,0.1468605488,non-habitable
1616,Kepler-1613 b,0,0.0644188945,non-habitable
1617,Kepler-1614 b,0,0.1361382256,non-habitable
1618,Kepler-1615 b,0,0.1051734213,non-habitable
1619,Kepler-1616 b,0,0.1489765621,non-habitable
1620,Kepler-1617 b,0,0.101990617,non-habitable
1621,Kepler-1618 b,0,0.119868781,non-habitable
1622,Kepler-1619 b,0,0.093757784,non-habitable
1623,Kepler-1620 b,0,0.1467542886,non-habitable
1624,Kepler-1621 b,0,0.143578672,non-habitable
1625,Kepler-1622 b,0,0.1448350688,non-habitable
1626,Kepler-1623 b,0,0.1463957868,non-habitable
1627,Kepler-1626 b,0,0.0671668796,non-habitable
1628,Kepler-1629 b,0,0.1477618019,non-habitable
1629,Kepler-1630 b,0,0.1637269525,non-habitable
1630,Kepler-1631 b,0,0.1452728424,non-habitable
1631,Kepler-1632 b,0,0.2408920539,non-habitable
1632,Kepler-1633 b,0,0.196964674,non-habitable
1633,Kepler-1637 b,0,0.1395005333,non-habitable
1634,Kepler-1638 b,0,0.3800848858,mesoplanet
1635,Kepler-1643 b,0,0.1361138786,non-habitable
1636,Kepler-1644 b,0,0.080935201,non-habitable
1637,Kepler-1645 b,0,0.1053020775,non-habitable
1638,Kepler-1646 b,0,0.1921364875,non-habitable
1639,Kepler-1649 b,0,0.5910695054,non-habitable
1640,Kepler-1650 b,0,0.1032587621,non-habitable
1641,Kepler 1651 A b,0.13,0.1625,non-habitable
1642,KIC-5522786 b,0.56,0.7,thermoplanet
1643,KOI-1843 b,0,0.1005379901,non-habitable
1644,KOI-2700 b,0,0.1471262564,non-habitable
1645,KOI-4427 b,0.02,0.025,hypopsychroplanet
1646,Lalande 21185 b,0,0.194795625,non-habitable
1647,LHS 1140 b,0.29,0.3625,psychroplanet
1648,LP 358-499 b,0,0.0897033469,non-habitable
1649,LP 358-499 c,0,0.0850789595,non-habitable
1650,LP 358-499 d,0,0.2041077801,non-habitable
1651,MOA-2007-BLG-192L b,0,0.3381390943,non-habitable
1652,MOA-2010-BLG-328L b,0,0.3437015694,non-habitable
1653,OGLE-2005-390L b,0,0.3436631204,non-habitable
1654,OGLE-2013-BLG-0341L b,0,0.3454412878,non-habitable
1655,OGLE-2016-BLG-1195L b,0,0.3381719635,non-habitable
1656,Proxima Cen b,0,0.242995916,psychroplanet
1657,PSR 1257 12 c,0.02,0.025,non-habitable
1658,PSR 1257 12 d,0.03,0.0375,non-habitable
1659,PSR 1719-14 b,0.06,0.075,non-habitable
1660,PSR B0329+54 b,0.24,0.3,non-habitable
1661,Ross 128 b,0.12,0.15,mesoplanet
1662,tau Cet b,0.16,0.2,non-habitable
1663,tau Cet c,0.03,0.0375,non-habitable
1664,tau Cet d,0.08,0.1,non-habitable
1665,tau Cet e,0.05,0.0625,mesoplanet
1666,tau Cet f,0.03,0.0375,non-habitable
1667,tau Cet g,0.06,0.075,non-habitable
1668,tau Cet h,0.23,0.2875,non-habitable
1669,TRAPPIST-1 b,0,0.1236733495,non-habitable
1670,TRAPPIST-1 c,0,0.1792160376,non-habitable
1671,TRAPPIST-1 d,0,0.159177226,mesoplanet
1672,TRAPPIST-1 e,0,0.1916146854,psychroplanet
1673,TRAPPIST-1 f,0,0.0975005146,psychroplanet
1674,TRAPPIST-1 g,0,0.1077213106,hypopsychroplanet
1675,TRAPPIST-1 h,0,0.4460361126,non-habitable
1676,WASP-47 e,0.03,0.0375,non-habitable
1677,Wolf 1061 b,0.15,0.1875,non-habitable
1678,Wolf 1061 c,0.11,0.1375,mesoplanet
1679,Wolf 1061 d,0.55,0.6875,non-habitable
1680,YZ Cet b,0,0.1945488683,non-habitable
1681,YZ Cet c,0.04,0.05,non-habitable
1682,YZ Cet d,0.13,0.1625,non-habitable
